GameID,TeamID,PlayerID,Points,Rebounds,Assists
2,1,47,12,12,8
14,1,47,14,6,7
68,1,47,18,10,7
80,1,47,12,11,8
88,1,47,23,11,5
104,1,47,16,9,7
148,1,47,30,6,7
181,1,47,27,7,8
225,1,47,24,9,7
251,1,47,30,12,5
272,1,47,22,6,6
308,1,47,19,8,5
322,1,47,24,7,9
349,1,47,17,11,5
394,1,47,21,11,9
408,1,47,13,11,9
477,1,47,27,9,10
512,1,47,29,6,8
31,1,47,28,11,9
34,1,47,12,6,5
118,1,47,16,9,6
155,1,47,15,7,6
173,1,47,17,9,5
198,1,47,16,9,6
213,1,47,23,6,6
262,1,47,19,12,6
290,1,47,23,7,7
332,1,47,23,6,8
364,1,47,26,10,10
376,1,47,13,11,5
425,1,47,22,10,7
451,1,47,30,8,10
466,1,47,13,9,7
491,1,47,24,7,5
501,1,47,25,6,9
2,1,48,17,7,7
14,1,48,24,6,6
68,1,48,13,10,7
80,1,48,17,11,6
88,1,48,13,8,6
104,1,48,24,7,8
148,1,48,25,6,10
181,1,48,17,12,7
225,1,48,15,6,6
251,1,48,24,8,8
272,1,48,12,11,5
308,1,48,19,12,7
322,1,48,20,8,9
349,1,48,19,8,9
394,1,48,19,10,8
408,1,48,13,7,9
477,1,48,23,7,10
512,1,48,17,10,10
31,1,48,13,10,9
34,1,48,19,12,7
118,1,48,22,6,6
155,1,48,17,9,10
173,1,48,14,12,7
198,1,48,20,7,5
213,1,48,19,6,8
262,1,48,16,8,9
290,1,48,29,12,5
332,1,48,17,11,9
364,1,48,25,11,10
376,1,48,19,10,6
425,1,48,29,12,8
451,1,48,19,12,9
466,1,48,17,9,10
491,1,48,13,11,7
501,1,48,22,10,5
2,1,49,26,9,10
14,1,49,20,11,8
68,1,49,20,12,6
80,1,49,16,7,8
88,1,49,14,10,8
104,1,49,13,11,7
148,1,49,27,6,10
181,1,49,16,7,8
225,1,49,19,8,9
251,1,49,26,11,7
272,1,49,28,7,7
308,1,49,21,11,10
322,1,49,12,12,10
349,1,49,19,8,9
394,1,49,15,6,5
408,1,49,29,8,10
477,1,49,15,8,10
512,1,49,23,10,7
31,1,49,29,10,5
34,1,49,30,6,9
118,1,49,22,9,9
155,1,49,26,6,7
173,1,49,24,9,8
198,1,49,16,12,10
213,1,49,13,12,9
262,1,49,16,8,10
290,1,49,24,8,10
332,1,49,25,6,9
364,1,49,29,6,6
376,1,49,29,7,6
425,1,49,29,6,8
451,1,49,29,8,8
466,1,49,16,8,9
491,1,49,27,6,5
501,1,49,27,7,8
2,1,137,30,12,9
14,1,137,20,9,8
68,1,137,21,7,5
80,1,137,22,9,10
88,1,137,25,8,7
104,1,137,12,8,6
148,1,137,20,10,6
181,1,137,17,12,6
225,1,137,14,10,10
251,1,137,25,8,9
272,1,137,17,11,7
308,1,137,12,8,5
322,1,137,14,12,10
349,1,137,12,6,8
394,1,137,22,12,9
408,1,137,13,8,9
477,1,137,19,6,5
512,1,137,20,12,6
31,1,137,28,12,10
34,1,137,29,7,8
118,1,137,24,8,7
155,1,137,13,8,10
173,1,137,26,9,6
198,1,137,26,9,7
213,1,137,28,7,6
262,1,137,28,6,5
290,1,137,19,12,5
332,1,137,26,12,9
364,1,137,26,7,9
376,1,137,15,12,8
425,1,137,19,9,7
451,1,137,14,10,8
466,1,137,12,8,5
491,1,137,20,8,5
501,1,137,15,7,9
2,1,138,19,7,6
14,1,138,26,12,10
68,1,138,25,8,8
80,1,138,26,6,6
88,1,138,22,12,8
104,1,138,27,10,9
148,1,138,28,11,6
181,1,138,17,7,7
225,1,138,16,8,9
251,1,138,25,10,6
272,1,138,19,9,7
308,1,138,24,12,9
322,1,138,22,8,5
349,1,138,30,7,5
394,1,138,24,11,5
408,1,138,27,11,10
477,1,138,14,8,6
512,1,138,18,9,9
31,1,138,26,7,7
34,1,138,19,6,6
118,1,138,22,7,10
155,1,138,18,12,10
173,1,138,24,6,8
198,1,138,28,12,5
213,1,138,17,11,9
262,1,138,19,8,5
290,1,138,12,11,10
332,1,138,25,6,9
364,1,138,18,9,7
376,1,138,19,7,6
425,1,138,23,9,6
451,1,138,19,10,7
466,1,138,15,8,8
491,1,138,29,8,6
501,1,138,19,8,6
20,2,106,20,11,8
37,2,106,13,10,8
58,2,106,29,10,10
84,2,106,28,12,9
153,2,106,22,9,9
198,2,106,28,8,10
210,2,106,24,9,10
238,2,106,17,6,6
252,2,106,23,12,9
299,2,106,16,8,8
315,2,106,13,6,9
321,2,106,27,8,8
339,2,106,28,8,8
357,2,106,29,6,9
370,2,106,30,12,9
390,2,106,24,12,7
425,2,106,24,9,6
462,2,106,19,7,6
474,2,106,28,11,9
5,2,106,27,10,6
48,2,106,15,12,5
109,2,106,14,10,9
115,2,106,21,12,8
125,2,106,12,8,5
142,2,106,28,10,9
170,2,106,20,6,9
180,2,106,29,11,8
225,2,106,20,11,8
275,2,106,26,9,9
284,2,106,29,7,9
335,2,106,23,9,7
387,2,106,24,6,5
407,2,106,18,9,6
444,2,106,21,10,5
486,2,106,18,10,9
20,2,107,17,10,10
37,2,107,15,10,7
58,2,107,29,8,6
84,2,107,25,11,7
153,2,107,26,11,8
198,2,107,24,6,8
210,2,107,15,12,5
238,2,107,23,7,8
252,2,107,26,12,8
299,2,107,19,12,6
315,2,107,24,6,9
321,2,107,24,9,6
339,2,107,30,7,7
357,2,107,24,12,6
370,2,107,20,10,7
390,2,107,16,6,9
425,2,107,15,8,10
462,2,107,26,6,10
474,2,107,21,10,6
5,2,107,27,8,8
48,2,107,12,6,5
109,2,107,19,10,6
115,2,107,25,12,9
125,2,107,18,8,9
142,2,107,22,7,10
170,2,107,14,7,6
180,2,107,14,7,8
225,2,107,29,10,6
275,2,107,13,12,7
284,2,107,29,11,7
335,2,107,23,7,6
387,2,107,16,6,9
407,2,107,26,11,7
444,2,107,22,8,9
486,2,107,17,7,8
20,2,108,17,8,9
37,2,108,19,9,7
58,2,108,14,11,5
84,2,108,22,11,7
153,2,108,26,6,7
198,2,108,17,7,7
210,2,108,28,10,8
238,2,108,19,9,9
252,2,108,24,9,10
299,2,108,20,7,10
315,2,108,30,8,5
321,2,108,26,7,7
339,2,108,12,7,7
357,2,108,16,10,10
370,2,108,18,8,7
390,2,108,17,7,8
425,2,108,13,12,7
462,2,108,26,10,10
474,2,108,15,9,6
5,2,108,13,6,8
48,2,108,16,12,6
109,2,108,23,9,9
115,2,108,17,10,8
125,2,108,13,9,7
142,2,108,23,11,10
170,2,108,12,8,8
180,2,108,18,11,9
225,2,108,25,10,7
275,2,108,22,6,10
284,2,108,22,10,7
335,2,108,28,8,8
387,2,108,17,10,10
407,2,108,28,11,6
444,2,108,17,6,10
486,2,108,16,6,5
20,2,109,21,7,7
37,2,109,20,10,7
58,2,109,23,9,9
84,2,109,15,12,5
153,2,109,12,10,5
198,2,109,18,11,7
210,2,109,19,12,6
238,2,109,13,11,5
252,2,109,26,10,5
299,2,109,25,7,8
315,2,109,25,11,7
321,2,109,17,7,9
339,2,109,23,6,10
357,2,109,30,10,7
370,2,109,23,6,6
390,2,109,25,6,10
425,2,109,15,12,6
462,2,109,28,7,5
474,2,109,17,7,6
5,2,109,13,9,7
48,2,109,24,6,8
109,2,109,21,6,8
115,2,109,20,8,7
125,2,109,21,6,10
142,2,109,16,12,5
170,2,109,25,9,6
180,2,109,21,6,7
225,2,109,29,9,7
275,2,109,18,8,10
284,2,109,13,10,6
335,2,109,27,9,6
387,2,109,17,9,5
407,2,109,19,6,6
444,2,109,16,7,9
486,2,109,15,10,8
20,2,140,14,12,5
37,2,140,12,9,7
58,2,140,14,11,10
84,2,140,17,6,7
153,2,140,19,11,10
198,2,140,15,7,7
210,2,140,27,6,5
238,2,140,17,9,5
252,2,140,26,12,7
299,2,140,27,12,5
315,2,140,26,12,8
321,2,140,27,12,6
339,2,140,15,6,7
357,2,140,21,7,6
370,2,140,28,11,8
390,2,140,24,6,5
425,2,140,21,11,8
462,2,140,14,12,10
474,2,140,18,6,5
5,2,140,15,11,10
48,2,140,12,11,6
109,2,140,30,6,5
115,2,140,20,8,7
125,2,140,22,12,6
142,2,140,23,8,8
170,2,140,22,9,9
180,2,140,29,12,8
225,2,140,30,9,6
275,2,140,27,6,5
284,2,140,29,11,5
335,2,140,17,11,8
387,2,140,20,10,9
407,2,140,15,9,7
444,2,140,19,10,10
486,2,140,17,7,6
40,3,85,16,9,5
59,3,85,24,7,8
77,3,85,19,9,7
93,3,85,29,9,6
154,3,85,28,8,8
168,3,85,22,9,6
218,3,85,27,10,5
245,3,85,26,11,6
275,3,85,20,6,7
289,3,85,20,7,8
304,3,85,23,10,5
319,3,85,30,7,6
336,3,85,12,11,5
396,3,85,21,6,10
409,3,85,15,6,8
459,3,85,20,12,10
463,3,85,26,9,7
501,3,85,27,9,6
18,3,85,29,7,5
55,3,85,27,11,7
114,3,85,14,8,5
130,3,85,15,9,6
146,3,85,21,7,7
190,3,85,29,6,7
205,3,85,20,11,5
231,3,85,23,10,8
313,3,85,23,8,10
355,3,85,16,8,6
370,3,85,17,11,8
377,3,85,21,9,5
424,3,85,22,12,6
430,3,85,19,10,7
490,3,85,13,9,10
498,3,85,23,9,7
512,3,85,28,10,10
40,3,86,13,10,10
59,3,86,25,10,7
77,3,86,16,8,8
93,3,86,22,8,9
154,3,86,15,8,10
168,3,86,17,6,7
218,3,86,30,7,8
245,3,86,13,10,10
275,3,86,14,12,10
289,3,86,27,9,10
304,3,86,25,9,6
319,3,86,14,7,5
336,3,86,22,10,7
396,3,86,26,8,5
409,3,86,22,8,5
459,3,86,14,12,7
463,3,86,28,7,7
501,3,86,30,8,8
18,3,86,23,8,9
55,3,86,16,8,8
114,3,86,18,10,8
130,3,86,13,10,5
146,3,86,17,9,5
190,3,86,17,11,8
205,3,86,23,7,9
231,3,86,28,9,6
313,3,86,25,10,8
355,3,86,14,11,6
370,3,86,28,12,5
377,3,86,20,10,9
424,3,86,12,8,10
430,3,86,27,9,8
490,3,86,14,9,8
498,3,86,12,10,6
512,3,86,25,12,6
40,3,87,12,12,9
59,3,87,29,11,5
77,3,87,30,11,6
93,3,87,30,12,6
154,3,87,27,8,8
168,3,87,25,12,7
218,3,87,13,9,9
245,3,87,30,12,8
275,3,87,13,6,8
289,3,87,14,6,8
304,3,87,24,10,10
319,3,87,26,7,8
336,3,87,26,7,9
396,3,87,16,9,7
409,3,87,12,11,7
459,3,87,12,8,6
463,3,87,21,12,7
501,3,87,12,9,5
18,3,87,27,12,8
55,3,87,15,7,5
114,3,87,15,6,5
130,3,87,29,11,9
146,3,87,23,9,6
190,3,87,15,12,9
205,3,87,22,10,9
231,3,87,24,8,7
313,3,87,21,12,6
355,3,87,27,11,10
370,3,87,19,9,9
377,3,87,23,9,6
424,3,87,18,11,10
430,3,87,17,10,7
490,3,87,23,8,6
498,3,87,17,6,7
512,3,87,13,10,8
40,3,88,13,6,6
59,3,88,29,9,9
77,3,88,29,7,10
93,3,88,13,11,8
154,3,88,19,12,7
168,3,88,15,12,8
218,3,88,24,12,5
245,3,88,25,10,10
275,3,88,13,9,6
289,3,88,26,11,10
304,3,88,24,8,6
319,3,88,28,8,10
336,3,88,14,12,6
396,3,88,24,11,5
409,3,88,22,10,6
459,3,88,30,12,9
463,3,88,24,12,9
501,3,88,30,12,10
18,3,88,13,10,10
55,3,88,14,6,8
114,3,88,24,9,10
130,3,88,27,12,6
146,3,88,28,7,8
190,3,88,14,11,6
205,3,88,19,8,7
231,3,88,16,7,8
313,3,88,14,7,10
355,3,88,27,10,6
370,3,88,24,7,10
377,3,88,15,6,8
424,3,88,27,8,9
430,3,88,16,12,5
490,3,88,26,12,7
498,3,88,24,12,9
512,3,88,15,7,7
40,3,146,29,8,8
59,3,146,16,6,5
77,3,146,29,11,9
93,3,146,18,11,5
154,3,146,28,10,5
168,3,146,28,11,9
218,3,146,20,6,7
245,3,146,30,11,9
275,3,146,20,11,8
289,3,146,18,7,9
304,3,146,15,6,10
319,3,146,12,9,10
336,3,146,26,8,7
396,3,146,19,11,6
409,3,146,26,9,9
459,3,146,13,12,5
463,3,146,17,11,6
501,3,146,12,11,5
18,3,146,30,9,10
55,3,146,24,12,7
114,3,146,12,12,9
130,3,146,30,11,6
146,3,146,15,8,5
190,3,146,26,6,10
205,3,146,23,8,5
231,3,146,15,10,6
313,3,146,15,11,9
355,3,146,29,6,8
370,3,146,26,11,8
377,3,146,27,9,8
424,3,146,17,7,9
430,3,146,26,7,9
490,3,146,13,7,6
498,3,146,15,7,6
512,3,146,28,12,8
7,4,19,27,7,6
38,4,19,12,7,6
70,4,19,13,9,6
112,4,19,25,6,7
128,4,19,29,12,7
135,4,19,30,12,10
150,4,19,16,8,6
205,4,19,13,8,6
287,4,19,15,7,6
301,4,19,20,10,9
342,4,19,29,7,9
379,4,19,20,12,6
434,4,19,16,6,7
453,4,19,20,6,8
466,4,19,22,8,6
511,4,19,27,12,6
524,4,19,29,11,9
17,4,19,25,9,8
54,4,19,20,11,7
79,4,19,23,9,6
167,4,19,22,8,7
182,4,19,24,7,9
233,4,19,24,6,6
243,4,19,19,8,9
255,4,19,18,12,9
279,4,19,28,11,6
314,4,19,13,6,5
328,4,19,14,11,6
357,4,19,25,8,10
371,4,19,12,9,7
396,4,19,27,12,8
410,4,19,24,6,10
494,4,19,14,12,9
519,4,19,25,11,10
527,4,19,12,8,9
7,4,20,16,6,6
38,4,20,25,7,5
70,4,20,20,8,7
112,4,20,20,11,6
128,4,20,14,7,9
135,4,20,23,8,7
150,4,20,20,12,8
205,4,20,12,9,7
287,4,20,17,12,8
301,4,20,19,12,7
342,4,20,27,11,6
379,4,20,17,9,7
434,4,20,25,9,5
453,4,20,27,11,5
466,4,20,19,7,5
511,4,20,12,6,10
524,4,20,27,6,9
17,4,20,28,6,5
54,4,20,16,8,6
79,4,20,18,10,8
167,4,20,16,12,8
182,4,20,19,9,6
233,4,20,27,8,6
243,4,20,27,6,5
255,4,20,30,6,7
279,4,20,22,6,5
314,4,20,17,11,8
328,4,20,24,8,8
357,4,20,14,6,7
371,4,20,18,12,5
396,4,20,22,11,8
410,4,20,24,11,10
494,4,20,17,10,10
519,4,20,20,10,10
527,4,20,20,8,5
7,4,21,12,12,6
38,4,21,21,12,5
70,4,21,13,7,6
112,4,21,18,11,6
128,4,21,19,12,9
135,4,21,26,8,9
150,4,21,20,10,5
205,4,21,29,10,7
287,4,21,26,9,8
301,4,21,26,11,6
342,4,21,19,12,5
379,4,21,17,11,7
434,4,21,25,10,10
453,4,21,19,11,7
466,4,21,21,8,9
511,4,21,28,6,5
524,4,21,15,10,10
17,4,21,20,7,9
54,4,21,21,8,10
79,4,21,29,8,7
167,4,21,17,8,5
182,4,21,25,7,10
233,4,21,23,11,8
243,4,21,24,9,5
255,4,21,19,12,6
279,4,21,24,10,5
314,4,21,23,8,7
328,4,21,16,11,7
357,4,21,25,8,8
371,4,21,21,9,6
396,4,21,23,12,10
410,4,21,23,7,6
494,4,21,15,10,6
519,4,21,28,6,5
527,4,21,21,7,10
7,4,22,28,8,10
38,4,22,22,10,8
70,4,22,28,6,6
112,4,22,14,10,5
128,4,22,21,12,8
135,4,22,19,9,10
150,4,22,23,9,7
205,4,22,26,8,10
287,4,22,29,12,6
301,4,22,21,6,8
342,4,22,20,6,5
379,4,22,19,11,6
434,4,22,12,12,10
453,4,22,20,10,6
466,4,22,29,12,10
511,4,22,22,10,5
524,4,22,24,9,9
17,4,22,22,9,6
54,4,22,14,8,6
79,4,22,29,8,6
167,4,22,13,10,5
182,4,22,14,9,9
233,4,22,22,7,6
243,4,22,27,6,9
255,4,22,14,9,8
279,4,22,27,12,5
314,4,22,24,9,8
328,4,22,25,11,6
357,4,22,17,6,7
371,4,22,26,9,7
396,4,22,17,7,7
410,4,22,28,12,9
494,4,22,19,7,6
519,4,22,24,10,5
527,4,22,22,10,8
7,4,23,27,11,10
38,4,23,14,10,7
70,4,23,13,7,5
112,4,23,27,9,8
128,4,23,25,6,5
135,4,23,17,8,5
150,4,23,21,10,6
205,4,23,24,7,10
287,4,23,27,6,6
301,4,23,16,9,5
342,4,23,19,12,9
379,4,23,12,10,10
434,4,23,28,8,5
453,4,23,26,7,7
466,4,23,27,12,8
511,4,23,21,9,7
524,4,23,12,11,8
17,4,23,29,8,8
54,4,23,25,11,6
79,4,23,15,7,8
167,4,23,14,12,8
182,4,23,20,11,9
233,4,23,23,12,8
243,4,23,12,6,9
255,4,23,24,6,5
279,4,23,12,11,6
314,4,23,23,7,5
328,4,23,20,10,5
357,4,23,25,9,5
371,4,23,22,9,10
396,4,23,30,7,7
410,4,23,27,9,5
494,4,23,19,10,7
519,4,23,24,12,5
527,4,23,17,11,7
4,5,63,15,11,7
23,5,63,23,11,5
41,5,63,21,8,5
55,5,63,19,12,8
122,5,63,12,7,10
162,5,63,16,8,8
176,5,63,21,8,9
215,5,63,19,10,8
265,5,63,30,12,8
306,5,63,30,10,6
333,5,63,28,9,9
373,5,63,16,12,10
383,5,63,12,12,9
395,5,63,25,11,10
410,5,63,13,10,10
421,5,63,27,11,10
436,5,63,17,12,8
483,5,63,21,7,10
10,5,63,14,6,10
70,5,63,13,8,5
73,5,63,24,12,5
90,5,63,17,6,9
107,5,63,17,12,7
138,5,63,28,6,9
188,5,63,27,11,7
197,5,63,25,11,5
223,5,63,21,7,8
244,5,63,21,7,7
269,5,63,28,6,10
277,5,63,18,6,7
295,5,63,30,6,10
347,5,63,23,12,9
353,5,63,30,12,6
450,5,63,13,10,10
460,5,63,27,11,10
4,5,64,29,8,10
23,5,64,18,6,10
41,5,64,13,10,7
55,5,64,30,11,5
122,5,64,27,10,8
162,5,64,25,11,7
176,5,64,14,12,8
215,5,64,20,11,10
265,5,64,13,11,6
306,5,64,19,6,6
333,5,64,26,10,9
373,5,64,24,8,8
383,5,64,27,6,8
395,5,64,12,11,5
410,5,64,23,8,8
421,5,64,17,7,9
436,5,64,27,8,10
483,5,64,21,6,6
10,5,64,16,6,5
70,5,64,28,6,9
73,5,64,23,8,7
90,5,64,30,8,7
107,5,64,15,10,10
138,5,64,27,10,9
188,5,64,26,6,10
197,5,64,18,12,8
223,5,64,23,11,9
244,5,64,20,11,8
269,5,64,17,6,6
277,5,64,20,9,9
295,5,64,30,6,8
347,5,64,13,12,9
353,5,64,23,9,8
450,5,64,14,9,8
460,5,64,21,9,9
4,5,65,27,6,5
23,5,65,29,8,7
41,5,65,12,9,7
55,5,65,19,9,6
122,5,65,29,12,6
162,5,65,21,10,9
176,5,65,14,8,10
215,5,65,24,11,5
265,5,65,21,6,9
306,5,65,28,6,9
333,5,65,23,9,8
373,5,65,13,12,10
383,5,65,25,6,6
395,5,65,15,11,8
410,5,65,27,7,9
421,5,65,22,7,6
436,5,65,17,12,8
483,5,65,20,6,10
10,5,65,16,9,8
70,5,65,17,9,5
73,5,65,28,12,10
90,5,65,15,6,10
107,5,65,26,9,7
138,5,65,19,7,10
188,5,65,29,8,6
197,5,65,24,6,9
223,5,65,22,12,10
244,5,65,20,7,10
269,5,65,24,7,10
277,5,65,12,6,8
295,5,65,25,6,7
347,5,65,16,12,8
353,5,65,25,7,6
450,5,65,15,10,9
460,5,65,15,11,7
4,5,66,26,10,5
23,5,66,14,7,5
41,5,66,18,8,5
55,5,66,14,9,10
122,5,66,28,10,6
162,5,66,18,9,5
176,5,66,19,9,6
215,5,66,29,7,7
265,5,66,24,11,6
306,5,66,23,9,7
333,5,66,15,10,7
373,5,66,22,9,8
383,5,66,27,10,10
395,5,66,12,9,5
410,5,66,29,9,9
421,5,66,19,9,9
436,5,66,20,12,9
483,5,66,26,8,5
10,5,66,17,6,7
70,5,66,20,12,10
73,5,66,25,9,9
90,5,66,14,12,10
107,5,66,27,9,5
138,5,66,23,6,6
188,5,66,18,11,5
197,5,66,25,11,6
223,5,66,17,12,5
244,5,66,19,8,5
269,5,66,16,9,8
277,5,66,25,7,6
295,5,66,23,8,8
347,5,66,15,11,7
353,5,66,23,11,10
450,5,66,14,12,6
460,5,66,25,7,5
4,5,67,20,7,8
23,5,67,30,11,9
41,5,67,22,11,5
55,5,67,22,12,9
122,5,67,14,12,5
162,5,67,26,7,6
176,5,67,14,12,8
215,5,67,29,7,8
265,5,67,20,12,8
306,5,67,18,9,5
333,5,67,16,10,10
373,5,67,13,10,10
383,5,67,23,11,8
395,5,67,17,12,10
410,5,67,27,7,5
421,5,67,19,7,10
436,5,67,13,6,6
483,5,67,17,8,6
10,5,67,22,9,9
70,5,67,24,8,5
73,5,67,18,7,7
90,5,67,20,9,7
107,5,67,12,6,5
138,5,67,30,9,6
188,5,67,23,11,8
197,5,67,28,9,9
223,5,67,26,11,6
244,5,67,29,8,8
269,5,67,27,12,5
277,5,67,14,7,6
295,5,67,14,6,8
347,5,67,23,8,8
353,5,67,13,8,8
450,5,67,22,9,6
460,5,67,18,12,5
15,6,115,21,10,7
61,6,115,27,12,7
75,6,115,16,10,10
113,6,115,14,12,5
127,6,115,17,6,6
165,6,115,23,12,5
177,6,115,26,11,8
219,6,115,24,10,8
253,6,115,12,12,8
270,6,115,23,11,6
318,6,115,12,6,5
345,6,115,12,9,9
367,6,115,28,11,8
374,6,115,19,11,5
461,6,115,24,8,6
490,6,115,28,9,9
4,6,115,30,12,9
30,6,115,12,7,9
44,6,115,18,7,5
96,6,115,22,11,6
143,6,115,24,9,9
194,6,115,24,9,10
216,6,115,24,11,7
230,6,115,24,10,10
246,6,115,20,9,8
263,6,115,18,12,5
289,6,115,15,11,6
302,6,115,13,9,5
337,6,115,15,10,10
395,6,115,27,11,9
408,6,115,14,10,8
420,6,115,27,12,5
432,6,115,14,6,10
448,6,115,29,11,7
497,6,115,27,9,7
15,6,116,24,7,9
61,6,116,24,6,10
75,6,116,23,10,7
113,6,116,12,8,6
127,6,116,22,9,9
165,6,116,12,9,5
177,6,116,19,12,8
219,6,116,30,9,10
253,6,116,22,10,8
270,6,116,26,6,9
318,6,116,26,9,6
345,6,116,24,11,6
367,6,116,16,6,8
374,6,116,27,11,6
461,6,116,27,8,7
490,6,116,23,11,7
4,6,116,28,8,10
30,6,116,19,6,6
44,6,116,19,10,8
96,6,116,24,9,9
143,6,116,23,10,6
194,6,116,24,8,8
216,6,116,29,11,5
230,6,116,26,11,10
246,6,116,21,12,5
263,6,116,22,7,8
289,6,116,18,12,8
302,6,116,29,8,5
337,6,116,29,8,7
395,6,116,16,7,9
408,6,116,21,7,6
420,6,116,14,11,6
432,6,116,22,12,6
448,6,116,24,10,6
497,6,116,17,6,5
15,6,117,23,8,6
61,6,117,17,9,9
75,6,117,16,9,10
113,6,117,17,8,8
127,6,117,23,9,6
165,6,117,29,9,8
177,6,117,16,8,10
219,6,117,30,8,5
253,6,117,22,12,7
270,6,117,21,8,8
318,6,117,13,7,8
345,6,117,12,12,8
367,6,117,15,10,9
374,6,117,17,11,8
461,6,117,21,7,9
490,6,117,26,7,8
4,6,117,23,8,5
30,6,117,27,8,10
44,6,117,27,8,10
96,6,117,29,11,9
143,6,117,27,10,7
194,6,117,26,7,7
216,6,117,20,8,8
230,6,117,18,11,5
246,6,117,19,7,5
263,6,117,23,11,6
289,6,117,26,9,10
302,6,117,26,11,8
337,6,117,27,6,5
395,6,117,20,12,10
408,6,117,17,7,6
420,6,117,13,6,8
432,6,117,12,8,5
448,6,117,21,6,7
497,6,117,29,10,8
15,6,118,13,9,6
61,6,118,29,8,6
75,6,118,16,12,9
113,6,118,15,11,7
127,6,118,24,9,7
165,6,118,18,12,8
177,6,118,21,11,10
219,6,118,20,10,6
253,6,118,29,8,5
270,6,118,29,7,9
318,6,118,27,6,5
345,6,118,20,8,8
367,6,118,12,6,5
374,6,118,13,7,7
461,6,118,19,7,10
490,6,118,15,11,9
4,6,118,23,9,6
30,6,118,18,10,10
44,6,118,26,9,7
96,6,118,22,12,5
143,6,118,12,12,6
194,6,118,20,11,8
216,6,118,26,6,10
230,6,118,22,8,5
246,6,118,18,9,10
263,6,118,17,8,7
289,6,118,23,9,8
302,6,118,19,12,8
337,6,118,18,10,7
395,6,118,18,7,9
408,6,118,21,7,7
420,6,118,30,8,5
432,6,118,21,8,10
448,6,118,27,8,5
497,6,118,17,9,8
15,6,119,16,12,7
61,6,119,30,8,6
75,6,119,28,6,6
113,6,119,17,6,7
127,6,119,28,10,9
165,6,119,22,8,7
177,6,119,27,8,10
219,6,119,30,11,10
253,6,119,19,10,10
270,6,119,29,6,7
318,6,119,24,7,5
345,6,119,30,6,9
367,6,119,21,12,9
374,6,119,13,8,10
461,6,119,19,6,8
490,6,119,17,12,6
4,6,119,21,10,5
30,6,119,23,8,5
44,6,119,14,12,7
96,6,119,14,8,9
143,6,119,26,12,7
194,6,119,28,8,8
216,6,119,18,6,10
230,6,119,15,11,6
246,6,119,13,12,5
263,6,119,22,9,8
289,6,119,23,10,5
302,6,119,15,9,10
337,6,119,20,10,9
395,6,119,29,7,10
408,6,119,29,7,5
420,6,119,15,6,8
432,6,119,12,7,5
448,6,119,27,12,6
497,6,119,18,8,5
8,7,111,23,6,10
24,7,111,13,9,9
45,7,111,29,11,5
106,7,111,28,8,6
121,7,111,25,8,7
170,7,111,28,11,5
184,7,111,20,9,5
231,7,111,15,8,10
244,7,111,22,6,9
302,7,111,17,9,9
312,7,111,25,9,8
323,7,111,12,6,5
346,7,111,29,10,10
369,7,111,21,11,6
428,7,111,29,11,8
448,7,111,15,9,7
467,7,111,12,12,8
527,7,111,29,6,9
28,7,111,14,7,5
66,7,111,28,6,8
84,7,111,27,7,7
137,7,111,20,11,9
152,7,111,20,10,7
201,7,111,26,7,5
208,7,111,16,8,9
258,7,111,30,10,6
270,7,111,21,10,10
288,7,111,12,8,8
351,7,111,12,9,7
389,7,111,18,10,8
394,7,111,22,8,10
459,7,111,25,12,7
488,7,111,14,9,5
499,7,111,25,9,5
524,7,111,28,10,6
8,7,112,16,11,8
24,7,112,15,6,8
45,7,112,29,7,8
106,7,112,24,8,10
121,7,112,30,12,10
170,7,112,18,6,6
184,7,112,24,10,9
231,7,112,26,6,9
244,7,112,23,11,10
302,7,112,29,10,10
312,7,112,19,9,10
323,7,112,26,8,6
346,7,112,15,9,7
369,7,112,24,10,7
428,7,112,14,6,10
448,7,112,15,11,10
467,7,112,17,7,5
527,7,112,26,6,10
28,7,112,16,12,6
66,7,112,20,12,7
84,7,112,26,9,8
137,7,112,17,11,9
152,7,112,24,11,6
201,7,112,21,12,7
208,7,112,18,12,10
258,7,112,22,12,9
270,7,112,24,6,7
288,7,112,28,7,7
351,7,112,28,12,5
389,7,112,25,11,9
394,7,112,28,6,8
459,7,112,26,6,5
488,7,112,21,7,5
499,7,112,26,12,7
524,7,112,12,7,9
8,7,113,18,12,8
24,7,113,21,12,5
45,7,113,23,6,9
106,7,113,20,12,7
121,7,113,28,9,5
170,7,113,13,7,10
184,7,113,22,10,10
231,7,113,20,8,9
244,7,113,13,7,9
302,7,113,27,6,6
312,7,113,26,9,5
323,7,113,17,10,8
346,7,113,28,8,10
369,7,113,23,11,9
428,7,113,21,7,9
448,7,113,24,6,6
467,7,113,24,7,8
527,7,113,16,8,6
28,7,113,27,10,9
66,7,113,30,9,8
84,7,113,13,12,7
137,7,113,27,10,5
152,7,113,30,12,7
201,7,113,24,9,8
208,7,113,28,10,8
258,7,113,14,10,8
270,7,113,12,10,9
288,7,113,21,6,8
351,7,113,19,8,7
389,7,113,24,12,5
394,7,113,28,7,9
459,7,113,20,9,5
488,7,113,13,7,7
499,7,113,12,7,9
524,7,113,15,12,6
8,7,114,18,6,7
24,7,114,13,10,7
45,7,114,19,10,10
106,7,114,21,11,9
121,7,114,12,7,9
170,7,114,21,9,6
184,7,114,20,9,10
231,7,114,16,12,6
244,7,114,23,10,10
302,7,114,12,11,9
312,7,114,17,12,9
323,7,114,27,7,5
346,7,114,21,12,9
369,7,114,16,8,10
428,7,114,23,8,6
448,7,114,16,9,8
467,7,114,23,9,8
527,7,114,27,7,9
28,7,114,16,8,9
66,7,114,30,12,5
84,7,114,26,9,10
137,7,114,14,12,7
152,7,114,15,10,7
201,7,114,12,10,9
208,7,114,14,6,5
258,7,114,20,9,5
270,7,114,13,8,10
288,7,114,28,12,7
351,7,114,12,10,10
389,7,114,19,12,7
394,7,114,14,11,7
459,7,114,17,10,10
488,7,114,22,7,10
499,7,114,24,7,8
524,7,114,12,6,6
8,7,139,17,7,10
24,7,139,15,8,9
45,7,139,22,7,6
106,7,139,29,10,6
121,7,139,22,9,6
170,7,139,16,11,6
184,7,139,16,9,8
231,7,139,26,7,9
244,7,139,15,10,5
302,7,139,13,11,7
312,7,139,13,9,8
323,7,139,14,7,10
346,7,139,25,10,10
369,7,139,16,6,10
428,7,139,13,7,6
448,7,139,17,10,6
467,7,139,29,11,10
527,7,139,24,10,9
28,7,139,28,7,6
66,7,139,14,11,6
84,7,139,21,10,6
137,7,139,28,6,10
152,7,139,16,9,6
201,7,139,29,7,6
208,7,139,13,8,7
258,7,139,30,9,9
270,7,139,17,7,7
288,7,139,25,10,7
351,7,139,16,7,8
389,7,139,18,8,6
394,7,139,15,12,8
459,7,139,17,11,8
488,7,139,24,6,6
499,7,139,19,8,7
524,7,139,25,6,5
19,8,101,14,11,6
74,8,101,27,10,8
96,8,101,19,8,8
124,8,101,16,9,8
132,8,101,30,10,10
217,8,101,30,7,8
229,8,101,15,8,8
234,8,101,29,12,8
254,8,101,29,6,5
338,8,101,26,12,10
354,8,101,16,6,8
385,8,101,23,8,8
413,8,101,30,11,8
417,8,101,29,10,8
439,8,101,16,12,10
473,8,101,18,12,6
504,8,101,23,9,5
520,8,101,22,6,10
12,8,101,16,10,5
45,8,101,27,7,6
60,8,101,15,8,8
108,8,101,21,10,9
153,8,101,19,10,9
166,8,101,12,8,9
185,8,101,14,10,8
192,8,101,13,9,8
273,8,101,21,6,7
286,8,101,15,9,9
306,8,101,29,6,8
319,8,101,21,11,5
367,8,101,29,12,6
446,8,101,25,8,6
489,8,101,25,9,8
514,8,101,18,10,8
525,8,101,12,7,8
19,8,102,16,11,10
74,8,102,13,9,7
96,8,102,23,12,5
124,8,102,25,6,6
132,8,102,15,9,7
217,8,102,26,10,8
229,8,102,18,6,8
234,8,102,25,10,7
254,8,102,24,7,9
338,8,102,21,9,9
354,8,102,23,9,7
385,8,102,12,6,10
413,8,102,29,9,8
417,8,102,19,12,8
439,8,102,13,11,9
473,8,102,23,12,10
504,8,102,17,9,9
520,8,102,27,11,10
12,8,102,26,10,7
45,8,102,21,11,10
60,8,102,12,11,8
108,8,102,21,8,6
153,8,102,29,12,10
166,8,102,30,8,6
185,8,102,16,9,9
192,8,102,19,6,8
273,8,102,17,7,5
286,8,102,27,7,6
306,8,102,20,9,6
319,8,102,23,6,6
367,8,102,16,11,8
446,8,102,23,6,7
489,8,102,14,10,6
514,8,102,18,7,10
525,8,102,20,8,6
19,8,103,29,12,5
74,8,103,22,11,7
96,8,103,17,11,9
124,8,103,18,11,9
132,8,103,20,11,8
217,8,103,28,7,5
229,8,103,16,8,9
234,8,103,17,10,8
254,8,103,28,11,10
338,8,103,28,11,8
354,8,103,18,12,6
385,8,103,22,9,7
413,8,103,28,6,5
417,8,103,27,11,5
439,8,103,26,7,9
473,8,103,19,10,10
504,8,103,15,7,5
520,8,103,21,10,6
12,8,103,22,12,9
45,8,103,30,7,7
60,8,103,14,7,8
108,8,103,13,7,5
153,8,103,12,8,9
166,8,103,21,9,10
185,8,103,17,12,6
192,8,103,26,6,6
273,8,103,26,6,10
286,8,103,28,11,10
306,8,103,27,6,7
319,8,103,30,8,8
367,8,103,12,8,10
446,8,103,15,9,5
489,8,103,14,6,9
514,8,103,25,6,10
525,8,103,13,7,5
19,8,104,23,7,10
74,8,104,24,9,9
96,8,104,24,10,5
124,8,104,22,10,5
132,8,104,20,9,10
217,8,104,29,10,7
229,8,104,20,9,7
234,8,104,17,8,6
254,8,104,24,11,10
338,8,104,16,7,8
354,8,104,30,10,7
385,8,104,15,11,6
413,8,104,22,10,7
417,8,104,28,9,8
439,8,104,22,7,10
473,8,104,23,11,7
504,8,104,18,7,8
520,8,104,18,6,9
12,8,104,22,6,9
45,8,104,25,7,9
60,8,104,30,6,9
108,8,104,15,10,6
153,8,104,27,11,9
166,8,104,30,8,5
185,8,104,21,7,9
192,8,104,27,12,6
273,8,104,14,8,9
286,8,104,25,11,9
306,8,104,15,11,8
319,8,104,22,11,8
367,8,104,25,8,7
446,8,104,19,11,9
489,8,104,29,7,9
514,8,104,27,10,10
525,8,104,21,8,5
19,8,105,30,7,9
74,8,105,29,8,5
96,8,105,27,7,9
124,8,105,30,7,5
132,8,105,16,10,8
217,8,105,27,8,9
229,8,105,21,11,9
234,8,105,20,10,6
254,8,105,25,12,5
338,8,105,29,8,7
354,8,105,17,11,6
385,8,105,19,10,7
413,8,105,17,12,6
417,8,105,29,10,5
439,8,105,23,6,10
473,8,105,18,11,6
504,8,105,15,8,9
520,8,105,12,11,10
12,8,105,29,8,8
45,8,105,16,10,10
60,8,105,30,12,9
108,8,105,28,7,5
153,8,105,14,10,8
166,8,105,15,8,9
185,8,105,22,6,5
192,8,105,22,10,6
273,8,105,15,7,6
286,8,105,17,8,9
306,8,105,17,8,10
319,8,105,19,6,6
367,8,105,12,9,10
446,8,105,30,6,7
489,8,105,30,9,6
514,8,105,19,6,5
525,8,105,30,8,7
13,9,68,28,12,10
43,9,68,30,7,5
63,9,68,29,11,8
114,9,68,14,12,6
125,9,68,13,8,10
145,9,68,30,7,7
179,9,68,22,9,9
208,9,68,20,12,10
220,9,68,22,6,9
248,9,68,15,10,9
348,9,68,24,9,5
361,9,68,26,12,8
403,9,68,23,6,7
416,9,68,14,8,10
430,9,68,15,7,5
443,9,68,29,6,9
460,9,68,17,11,10
489,9,68,19,6,8
19,9,68,16,9,6
77,9,68,26,6,6
83,9,68,15,12,5
100,9,68,13,9,8
165,9,68,16,10,8
193,9,68,18,10,7
240,9,68,28,11,10
281,9,68,25,7,6
294,9,68,13,8,9
300,9,68,19,6,9
315,9,68,24,11,9
323,9,68,30,7,7
372,9,68,16,11,5
383,9,68,26,12,10
502,9,68,30,9,9
523,9,68,26,7,10
526,9,68,22,9,5
13,9,69,26,12,10
43,9,69,28,11,7
63,9,69,28,6,8
114,9,69,17,10,6
125,9,69,16,11,9
145,9,69,30,10,8
179,9,69,29,8,5
208,9,69,13,11,6
220,9,69,14,6,8
248,9,69,19,8,7
348,9,69,30,7,7
361,9,69,15,9,8
403,9,69,23,10,6
416,9,69,24,6,5
430,9,69,24,7,6
443,9,69,26,11,8
460,9,69,21,7,5
489,9,69,25,12,8
19,9,69,28,9,5
77,9,69,23,6,7
83,9,69,25,10,9
100,9,69,26,8,6
165,9,69,26,6,8
193,9,69,17,10,7
240,9,69,26,10,10
281,9,69,25,9,5
294,9,69,25,8,6
300,9,69,16,6,5
315,9,69,23,8,10
323,9,69,13,9,7
372,9,69,23,10,10
383,9,69,15,6,7
502,9,69,26,8,7
523,9,69,25,8,6
526,9,69,30,7,10
13,9,70,26,6,6
43,9,70,23,8,9
63,9,70,28,12,9
114,9,70,29,12,10
125,9,70,14,11,5
145,9,70,25,6,8
179,9,70,19,8,5
208,9,70,29,9,7
220,9,70,24,12,10
248,9,70,13,12,5
348,9,70,22,11,5
361,9,70,25,9,9
403,9,70,20,10,6
416,9,70,18,11,8
430,9,70,23,8,6
443,9,70,17,9,5
460,9,70,29,12,7
489,9,70,18,11,6
19,9,70,29,9,10
77,9,70,14,12,5
83,9,70,12,8,10
100,9,70,25,7,8
165,9,70,14,9,10
193,9,70,27,9,9
240,9,70,18,9,8
281,9,70,26,7,9
294,9,70,14,7,7
300,9,70,28,6,6
315,9,70,27,11,9
323,9,70,15,10,7
372,9,70,28,12,8
383,9,70,19,8,5
502,9,70,19,11,10
523,9,70,15,6,9
526,9,70,28,8,8
13,9,71,27,9,5
43,9,71,24,11,6
63,9,71,29,10,5
114,9,71,12,6,7
125,9,71,13,12,7
145,9,71,21,11,7
179,9,71,15,12,9
208,9,71,13,9,8
220,9,71,22,7,7
248,9,71,30,10,9
348,9,71,29,7,7
361,9,71,25,11,6
403,9,71,30,12,7
416,9,71,30,12,5
430,9,71,14,6,5
443,9,71,30,11,10
460,9,71,24,7,7
489,9,71,27,7,6
19,9,71,21,8,5
77,9,71,16,7,9
83,9,71,18,9,5
100,9,71,30,8,8
165,9,71,29,10,9
193,9,71,14,8,7
240,9,71,15,9,5
281,9,71,26,7,6
294,9,71,29,7,8
300,9,71,29,7,9
315,9,71,12,11,6
323,9,71,25,9,6
372,9,71,25,6,6
383,9,71,29,11,8
502,9,71,23,11,10
523,9,71,28,7,9
526,9,71,27,6,7
13,9,72,30,12,6
43,9,72,25,8,10
63,9,72,14,8,6
114,9,72,18,7,5
125,9,72,30,12,9
145,9,72,29,7,10
179,9,72,28,8,8
208,9,72,22,12,5
220,9,72,15,9,5
248,9,72,18,11,5
348,9,72,15,10,7
361,9,72,16,12,7
403,9,72,28,8,9
416,9,72,24,7,6
430,9,72,16,8,9
443,9,72,23,10,9
460,9,72,27,11,10
489,9,72,17,6,7
19,9,72,12,8,6
77,9,72,28,12,7
83,9,72,23,9,7
100,9,72,21,8,7
165,9,72,28,7,7
193,9,72,28,10,9
240,9,72,16,10,6
281,9,72,23,10,5
294,9,72,14,9,6
300,9,72,30,9,7
315,9,72,14,6,5
323,9,72,20,12,7
372,9,72,23,7,6
383,9,72,25,8,5
502,9,72,18,8,8
523,9,72,16,7,6
526,9,72,14,7,10
3,10,50,26,6,7
51,10,50,17,7,8
69,10,50,18,9,9
81,10,50,28,7,7
90,10,50,15,9,6
105,10,50,19,8,10
134,10,50,15,7,10
227,10,50,23,8,7
267,10,50,27,10,7
286,10,50,14,11,5
341,10,50,13,6,6
414,10,50,14,9,7
433,10,50,14,6,5
464,10,50,27,12,10
478,10,50,18,8,8
495,10,50,14,10,5
523,10,50,15,6,8
526,10,50,24,8,5
22,10,50,21,9,6
40,10,50,25,8,5
117,10,50,27,9,7
148,10,50,15,8,7
164,10,50,22,6,8
178,10,50,30,8,9
186,10,50,30,11,10
202,10,50,21,11,5
217,10,50,30,8,7
236,10,50,12,9,9
317,10,50,24,7,5
331,10,50,22,7,6
362,10,50,17,11,8
378,10,50,28,7,9
392,10,50,17,7,7
426,10,50,22,11,5
452,10,50,12,8,9
3,10,51,22,9,9
51,10,51,21,12,10
69,10,51,25,6,6
81,10,51,17,12,9
90,10,51,14,12,5
105,10,51,20,10,7
134,10,51,27,8,7
227,10,51,13,11,5
267,10,51,28,7,7
286,10,51,29,11,6
341,10,51,15,10,6
414,10,51,15,10,6
433,10,51,17,10,10
464,10,51,29,7,7
478,10,51,20,10,8
495,10,51,21,11,7
523,10,51,28,10,7
526,10,51,19,7,8
22,10,51,12,12,9
40,10,51,29,11,8
117,10,51,19,6,10
148,10,51,23,8,5
164,10,51,17,7,6
178,10,51,21,6,8
186,10,51,20,8,10
202,10,51,29,8,5
217,10,51,26,8,5
236,10,51,13,8,6
317,10,51,22,6,7
331,10,51,27,8,9
362,10,51,18,10,7
378,10,51,22,12,10
392,10,51,18,6,6
426,10,51,30,11,6
452,10,51,16,7,10
3,10,52,26,9,10
51,10,52,19,7,7
69,10,52,29,10,5
81,10,52,29,7,7
90,10,52,15,6,5
105,10,52,13,7,6
134,10,52,26,12,5
227,10,52,25,7,8
267,10,52,21,6,10
286,10,52,27,6,7
341,10,52,24,7,8
414,10,52,15,10,6
433,10,52,23,8,9
464,10,52,30,12,9
478,10,52,18,7,9
495,10,52,20,7,9
523,10,52,27,9,5
526,10,52,21,11,9
22,10,52,18,12,5
40,10,52,14,12,6
117,10,52,21,12,6
148,10,52,27,8,10
164,10,52,22,7,5
178,10,52,13,7,5
186,10,52,13,12,6
202,10,52,20,11,7
217,10,52,19,11,9
236,10,52,26,11,8
317,10,52,14,9,9
331,10,52,14,9,9
362,10,52,16,9,8
378,10,52,16,9,5
392,10,52,29,11,5
426,10,52,23,9,8
452,10,52,14,11,9
3,10,53,18,6,5
51,10,53,25,10,8
69,10,53,29,12,5
81,10,53,22,7,6
90,10,53,16,12,8
105,10,53,22,9,5
134,10,53,13,9,9
227,10,53,30,8,6
267,10,53,14,9,5
286,10,53,13,12,6
341,10,53,14,10,8
414,10,53,21,11,8
433,10,53,22,11,10
464,10,53,25,8,6
478,10,53,15,9,5
495,10,53,27,12,8
523,10,53,20,6,6
526,10,53,23,6,9
22,10,53,23,11,6
40,10,53,25,6,7
117,10,53,27,7,8
148,10,53,24,10,9
164,10,53,18,7,9
178,10,53,19,6,7
186,10,53,24,6,10
202,10,53,23,8,8
217,10,53,12,7,5
236,10,53,16,9,10
317,10,53,16,12,9
331,10,53,30,8,5
362,10,53,18,11,7
378,10,53,23,12,8
392,10,53,13,10,9
426,10,53,28,7,5
452,10,53,20,10,10
3,10,54,14,7,9
51,10,54,20,8,6
69,10,54,27,8,6
81,10,54,14,8,6
90,10,54,30,11,10
105,10,54,29,12,8
134,10,54,19,7,5
227,10,54,18,6,10
267,10,54,23,7,5
286,10,54,26,6,8
341,10,54,18,8,9
414,10,54,16,6,9
433,10,54,18,7,10
464,10,54,13,8,6
478,10,54,18,12,10
495,10,54,12,8,6
523,10,54,17,7,10
526,10,54,23,6,5
22,10,54,22,9,9
40,10,54,24,9,5
117,10,54,14,11,6
148,10,54,21,8,10
164,10,54,25,12,7
178,10,54,13,9,5
186,10,54,12,12,9
202,10,54,24,8,8
217,10,54,20,8,9
236,10,54,30,10,8
317,10,54,29,10,8
331,10,54,28,10,8
362,10,54,27,8,8
378,10,54,28,6,10
392,10,54,13,8,9
426,10,54,13,7,8
452,10,54,18,6,10
50,11,15,16,10,5
92,11,15,24,11,5
136,11,15,18,10,10
175,11,15,27,8,8
206,11,15,26,10,7
232,11,15,23,8,9
246,11,15,15,6,6
264,11,15,20,6,8
314,11,15,18,7,7
335,11,15,16,12,8
352,11,15,21,6,8
422,11,15,26,11,7
442,11,15,17,12,7
468,11,15,12,8,6
509,11,15,23,6,9
15,11,15,22,6,5
21,11,15,15,10,5
43,11,15,22,9,5
69,11,15,24,10,9
72,11,15,19,12,10
111,11,15,22,10,7
119,11,15,28,11,9
147,11,15,27,10,6
158,11,15,20,6,7
187,11,15,30,8,7
218,11,15,15,9,6
282,11,15,29,12,10
320,11,15,17,12,5
375,11,15,30,10,8
384,11,15,29,10,8
398,11,15,14,10,10
411,11,15,12,7,6
453,11,15,22,12,7
477,11,15,27,8,5
487,11,15,26,9,10
50,11,16,27,8,10
92,11,16,18,7,5
136,11,16,23,8,9
175,11,16,25,6,6
206,11,16,17,7,5
232,11,16,21,9,9
246,11,16,23,8,7
264,11,16,20,9,9
314,11,16,19,8,10
335,11,16,22,8,6
352,11,16,29,12,9
422,11,16,26,9,7
442,11,16,23,7,10
468,11,16,28,11,6
509,11,16,19,6,10
15,11,16,23,9,5
21,11,16,19,8,6
43,11,16,27,12,10
69,11,16,25,9,6
72,11,16,13,8,6
111,11,16,30,7,8
119,11,16,28,9,8
147,11,16,18,12,5
158,11,16,18,7,7
187,11,16,26,8,8
218,11,16,30,12,10
282,11,16,14,6,8
320,11,16,25,12,8
375,11,16,27,7,8
384,11,16,12,8,10
398,11,16,15,9,6
411,11,16,18,6,5
453,11,16,28,6,8
477,11,16,26,11,10
487,11,16,12,9,9
50,11,17,14,9,8
92,11,17,12,11,7
136,11,17,22,6,6
175,11,17,19,9,6
206,11,17,15,12,10
232,11,17,26,9,9
246,11,17,15,10,5
264,11,17,15,7,5
314,11,17,23,10,10
335,11,17,14,12,7
352,11,17,28,12,8
422,11,17,22,7,8
442,11,17,29,6,10
468,11,17,23,10,7
509,11,17,21,7,10
15,11,17,14,8,9
21,11,17,25,11,5
43,11,17,22,6,7
69,11,17,23,12,5
72,11,17,29,8,8
111,11,17,20,6,10
119,11,17,15,7,7
147,11,17,25,10,5
158,11,17,13,12,7
187,11,17,26,10,7
218,11,17,30,7,5
282,11,17,18,6,6
320,11,17,17,12,8
375,11,17,18,6,5
384,11,17,12,7,5
398,11,17,27,6,5
411,11,17,29,9,10
453,11,17,28,12,9
477,11,17,17,9,8
487,11,17,24,7,7
50,11,18,16,7,5
92,11,18,23,6,10
136,11,18,16,8,9
175,11,18,16,8,10
206,11,18,25,12,6
232,11,18,24,12,8
246,11,18,23,8,10
264,11,18,15,12,6
314,11,18,21,11,6
335,11,18,28,6,9
352,11,18,24,6,7
422,11,18,23,10,10
442,11,18,16,8,5
468,11,18,28,9,6
509,11,18,27,12,10
15,11,18,30,11,8
21,11,18,15,10,6
43,11,18,13,6,9
69,11,18,24,11,7
72,11,18,23,9,7
111,11,18,29,8,7
119,11,18,21,12,10
147,11,18,16,10,7
158,11,18,16,8,8
187,11,18,24,11,7
218,11,18,19,10,10
282,11,18,27,10,6
320,11,18,12,10,7
375,11,18,13,6,8
384,11,18,15,7,6
398,11,18,22,10,10
411,11,18,17,11,10
453,11,18,15,9,7
477,11,18,27,11,6
487,11,18,25,10,7
50,11,125,22,9,6
92,11,125,22,12,7
136,11,125,18,6,10
175,11,125,24,8,6
206,11,125,22,6,9
232,11,125,13,8,9
246,11,125,28,11,9
264,11,125,15,11,9
314,11,125,14,8,6
335,11,125,20,6,6
352,11,125,17,6,9
422,11,125,25,6,9
442,11,125,21,6,9
468,11,125,30,9,10
509,11,125,16,12,5
15,11,125,20,10,9
21,11,125,13,10,9
43,11,125,28,6,9
69,11,125,24,11,10
72,11,125,15,6,6
111,11,125,21,11,7
119,11,125,16,7,8
147,11,125,12,6,8
158,11,125,30,12,7
187,11,125,28,8,8
218,11,125,25,6,9
282,11,125,26,12,10
320,11,125,18,8,10
375,11,125,15,12,8
384,11,125,29,6,9
398,11,125,14,6,8
411,11,125,28,9,8
453,11,125,12,8,8
477,11,125,12,11,6
487,11,125,13,10,6
18,12,58,12,7,5
39,12,58,29,6,5
54,12,58,22,12,5
73,12,58,14,11,7
142,12,58,14,7,8
161,12,58,17,9,7
192,12,58,27,6,7
213,12,58,26,10,7
268,12,58,12,10,6
280,12,58,18,10,10
288,12,58,25,10,10
343,12,58,19,9,5
358,12,58,24,7,6
388,12,58,27,10,5
435,12,58,12,6,5
454,12,58,25,8,9
510,12,58,12,7,9
8,12,58,25,6,6
59,12,58,21,9,10
87,12,58,30,10,7
105,12,58,24,6,7
122,12,58,23,7,7
127,12,58,22,6,7
174,12,58,25,10,7
228,12,58,25,6,5
234,12,58,22,10,10
301,12,58,30,9,5
327,12,58,24,12,8
369,12,58,19,9,6
401,12,58,27,8,10
415,12,58,16,10,8
442,12,58,16,10,10
484,12,58,26,10,6
500,12,58,23,11,10
518,12,58,20,8,10
18,12,59,22,6,10
39,12,59,27,12,8
54,12,59,30,8,10
73,12,59,14,12,7
142,12,59,23,7,10
161,12,59,21,9,8
192,12,59,12,11,9
213,12,59,24,6,10
268,12,59,24,10,10
280,12,59,29,7,8
288,12,59,22,9,9
343,12,59,17,12,7
358,12,59,17,11,10
388,12,59,24,7,5
435,12,59,16,10,10
454,12,59,29,6,6
510,12,59,30,6,9
8,12,59,28,7,10
59,12,59,14,8,6
87,12,59,21,10,6
105,12,59,16,8,5
122,12,59,12,12,6
127,12,59,20,7,7
174,12,59,25,10,7
228,12,59,28,8,10
234,12,59,19,10,8
301,12,59,27,8,7
327,12,59,30,10,6
369,12,59,18,7,10
401,12,59,15,11,10
415,12,59,14,12,5
442,12,59,20,6,7
484,12,59,29,7,9
500,12,59,24,11,5
518,12,59,24,10,5
18,12,60,25,10,10
39,12,60,12,9,5
54,12,60,30,9,6
73,12,60,19,8,9
142,12,60,17,8,7
161,12,60,22,6,10
192,12,60,15,10,8
213,12,60,12,11,8
268,12,60,25,11,10
280,12,60,28,10,7
288,12,60,18,7,9
343,12,60,24,7,6
358,12,60,29,7,5
388,12,60,13,10,10
435,12,60,22,7,5
454,12,60,24,9,7
510,12,60,22,10,6
8,12,60,19,8,10
59,12,60,24,11,6
87,12,60,27,11,10
105,12,60,19,7,7
122,12,60,13,9,5
127,12,60,26,11,7
174,12,60,24,11,9
228,12,60,25,6,10
234,12,60,23,10,10
301,12,60,30,6,9
327,12,60,16,10,6
369,12,60,27,12,10
401,12,60,14,6,9
415,12,60,20,6,6
442,12,60,22,6,8
484,12,60,29,10,6
500,12,60,22,12,10
518,12,60,26,8,10
18,12,61,30,9,9
39,12,61,13,7,7
54,12,61,24,6,9
73,12,61,12,9,9
142,12,61,19,7,9
161,12,61,16,7,10
192,12,61,17,6,5
213,12,61,14,8,5
268,12,61,16,6,9
280,12,61,12,8,7
288,12,61,22,8,9
343,12,61,30,9,7
358,12,61,27,8,8
388,12,61,16,10,6
435,12,61,16,11,7
454,12,61,20,10,10
510,12,61,12,7,10
8,12,61,22,12,9
59,12,61,17,9,9
87,12,61,23,7,9
105,12,61,27,10,10
122,12,61,14,12,6
127,12,61,29,12,6
174,12,61,15,7,5
228,12,61,30,10,6
234,12,61,22,12,10
301,12,61,26,8,10
327,12,61,12,12,9
369,12,61,12,10,6
401,12,61,27,7,5
415,12,61,13,8,9
442,12,61,28,11,6
484,12,61,18,11,5
500,12,61,25,9,6
518,12,61,16,8,5
18,12,62,25,9,6
39,12,62,17,9,8
54,12,62,17,12,10
73,12,62,27,9,6
142,12,62,26,6,8
161,12,62,17,8,9
192,12,62,30,6,7
213,12,62,21,7,6
268,12,62,16,10,8
280,12,62,25,9,8
288,12,62,16,8,7
343,12,62,27,12,5
358,12,62,28,9,7
388,12,62,25,9,5
435,12,62,20,8,5
454,12,62,23,6,9
510,12,62,16,9,7
8,12,62,17,12,8
59,12,62,18,6,10
87,12,62,13,10,10
105,12,62,22,12,7
122,12,62,16,6,6
127,12,62,20,6,10
174,12,62,23,10,9
228,12,62,15,8,5
234,12,62,23,9,7
301,12,62,26,9,9
327,12,62,25,8,5
369,12,62,19,11,6
401,12,62,30,7,9
415,12,62,27,7,9
442,12,62,28,6,5
484,12,62,27,10,9
500,12,62,13,9,10
518,12,62,28,12,7
17,13,55,21,12,5
35,13,55,20,12,5
52,13,55,20,8,8
120,13,55,29,11,7
157,13,55,23,6,6
211,13,55,27,12,10
226,13,55,21,12,6
243,13,55,28,6,7
256,13,55,22,9,6
294,13,55,29,9,7
309,13,55,12,6,5
320,13,55,27,9,9
350,13,55,16,7,10
364,13,55,18,10,9
378,13,55,27,7,6
418,13,55,30,12,5
481,13,55,23,10,7
507,13,55,19,6,9
522,13,55,14,9,5
13,13,55,18,10,6
58,13,55,18,8,7
81,13,55,17,8,9
88,13,55,15,12,7
103,13,55,22,10,9
133,13,55,19,6,9
149,13,55,16,9,7
172,13,55,18,11,9
191,13,55,13,11,7
278,13,55,13,6,5
340,13,55,17,8,6
405,13,55,18,8,9
436,13,55,24,8,8
454,13,55,28,12,8
467,13,55,15,6,9
516,13,55,29,8,9
17,13,56,28,6,5
35,13,56,23,6,9
52,13,56,12,8,6
120,13,56,13,10,10
157,13,56,29,12,8
211,13,56,14,9,10
226,13,56,24,8,10
243,13,56,19,9,10
256,13,56,21,11,7
294,13,56,24,10,7
309,13,56,22,9,7
320,13,56,30,12,5
350,13,56,14,8,7
364,13,56,21,12,5
378,13,56,26,7,9
418,13,56,26,10,9
481,13,56,19,12,6
507,13,56,27,12,10
522,13,56,15,11,7
13,13,56,30,11,9
58,13,56,27,9,7
81,13,56,22,7,5
88,13,56,22,6,7
103,13,56,26,11,10
133,13,56,28,10,7
149,13,56,21,6,8
172,13,56,24,9,5
191,13,56,21,8,10
278,13,56,21,7,7
340,13,56,22,7,7
405,13,56,22,8,6
436,13,56,16,11,7
454,13,56,18,8,5
467,13,56,26,9,8
516,13,56,22,7,8
17,13,57,24,6,6
35,13,57,23,12,9
52,13,57,19,11,5
120,13,57,29,7,5
157,13,57,20,12,5
211,13,57,25,8,5
226,13,57,12,12,8
243,13,57,25,11,10
256,13,57,30,12,10
294,13,57,27,9,9
309,13,57,23,8,9
320,13,57,29,8,6
350,13,57,19,11,9
364,13,57,12,12,9
378,13,57,14,10,7
418,13,57,25,7,7
481,13,57,22,8,5
507,13,57,14,11,7
522,13,57,29,6,10
13,13,57,25,10,6
58,13,57,16,9,10
81,13,57,13,10,9
88,13,57,26,7,10
103,13,57,16,6,8
133,13,57,18,6,9
149,13,57,20,8,7
172,13,57,20,8,6
191,13,57,26,11,10
278,13,57,24,10,7
340,13,57,29,11,5
405,13,57,14,7,10
436,13,57,25,7,10
454,13,57,13,8,10
467,13,57,27,8,6
516,13,57,24,10,6
17,13,136,12,6,10
35,13,136,25,7,10
52,13,136,20,9,5
120,13,136,12,10,10
157,13,136,19,11,10
211,13,136,12,10,7
226,13,136,14,8,6
243,13,136,26,8,10
256,13,136,20,6,8
294,13,136,14,7,8
309,13,136,30,11,8
320,13,136,26,11,9
350,13,136,17,10,10
364,13,136,13,10,9
378,13,136,15,6,9
418,13,136,23,9,6
481,13,136,17,10,7
507,13,136,17,12,5
522,13,136,21,10,10
13,13,136,27,10,9
58,13,136,17,10,9
81,13,136,23,6,9
88,13,136,21,7,8
103,13,136,16,9,10
133,13,136,17,8,7
149,13,136,25,12,7
172,13,136,27,10,5
191,13,136,17,8,5
278,13,136,22,11,10
340,13,136,19,9,9
405,13,136,27,11,10
436,13,136,12,12,9
454,13,136,25,12,6
467,13,136,22,12,8
516,13,136,13,9,7
17,13,145,16,12,10
35,13,145,17,12,5
52,13,145,25,12,7
120,13,145,25,6,8
157,13,145,21,10,7
211,13,145,21,8,8
226,13,145,22,9,9
243,13,145,14,9,8
256,13,145,22,11,8
294,13,145,12,8,5
309,13,145,17,7,9
320,13,145,15,8,10
350,13,145,28,7,6
364,13,145,12,12,7
378,13,145,21,7,7
418,13,145,19,12,7
481,13,145,14,6,8
507,13,145,17,8,9
522,13,145,18,9,10
13,13,145,28,6,6
58,13,145,12,9,6
81,13,145,26,6,7
88,13,145,26,7,5
103,13,145,17,8,6
133,13,145,14,10,6
149,13,145,19,7,9
172,13,145,25,12,5
191,13,145,17,9,9
278,13,145,25,11,9
340,13,145,21,7,7
405,13,145,30,8,10
436,13,145,28,10,6
454,13,145,29,7,10
467,13,145,17,11,7
516,13,145,21,6,5
26,14,11,30,12,7
36,14,11,24,9,10
53,14,11,30,10,10
66,14,11,14,7,10
79,14,11,29,9,6
140,14,11,18,8,9
159,14,11,19,9,8
204,14,11,23,11,9
285,14,11,24,10,9
300,14,11,24,6,6
334,14,11,30,11,5
362,14,11,12,9,7
377,14,11,12,10,5
441,14,11,23,11,7
493,14,11,18,7,5
518,14,11,22,11,10
2,14,11,21,12,7
6,14,11,21,10,8
97,14,11,20,12,5
101,14,11,25,12,10
121,14,11,27,9,6
181,14,11,13,10,6
189,14,11,17,8,10
222,14,11,20,9,10
235,14,11,27,9,8
260,14,11,27,10,8
311,14,11,19,8,9
352,14,11,27,6,6
397,14,11,16,7,9
403,14,11,30,12,10
413,14,11,26,12,10
429,14,11,26,7,8
465,14,11,20,10,9
481,14,11,24,11,6
510,14,11,21,9,5
26,14,12,15,12,7
36,14,12,20,8,8
53,14,12,23,12,8
66,14,12,30,7,10
79,14,12,13,10,7
140,14,12,22,9,5
159,14,12,14,6,8
204,14,12,29,9,10
285,14,12,18,6,6
300,14,12,22,8,9
334,14,12,16,6,6
362,14,12,27,6,5
377,14,12,22,12,6
441,14,12,17,12,5
493,14,12,18,11,9
518,14,12,28,12,8
2,14,12,20,7,8
6,14,12,18,8,8
97,14,12,14,10,9
101,14,12,19,12,6
121,14,12,12,12,10
181,14,12,29,11,10
189,14,12,27,10,5
222,14,12,16,7,8
235,14,12,13,9,7
260,14,12,24,11,6
311,14,12,24,7,8
352,14,12,25,12,9
397,14,12,26,11,7
403,14,12,21,12,5
413,14,12,29,11,9
429,14,12,17,6,9
465,14,12,17,8,8
481,14,12,21,8,7
510,14,12,26,11,5
26,14,13,12,7,6
36,14,13,16,9,10
53,14,13,23,12,10
66,14,13,26,12,10
79,14,13,24,8,5
140,14,13,18,7,7
159,14,13,28,7,9
204,14,13,22,7,6
285,14,13,27,10,8
300,14,13,29,8,5
334,14,13,27,11,8
362,14,13,24,7,10
377,14,13,26,8,10
441,14,13,19,8,9
493,14,13,12,12,9
518,14,13,18,8,10
2,14,13,29,9,5
6,14,13,13,8,9
97,14,13,26,11,7
101,14,13,15,6,10
121,14,13,26,8,10
181,14,13,15,7,5
189,14,13,29,9,9
222,14,13,14,10,6
235,14,13,19,7,6
260,14,13,16,7,10
311,14,13,20,11,7
352,14,13,17,10,9
397,14,13,12,9,6
403,14,13,24,12,6
413,14,13,25,10,7
429,14,13,14,9,9
465,14,13,13,11,10
481,14,13,16,6,8
510,14,13,23,12,5
26,14,14,29,7,6
36,14,14,26,6,9
53,14,14,19,6,10
66,14,14,13,9,6
79,14,14,16,12,10
140,14,14,26,12,10
159,14,14,26,11,10
204,14,14,22,7,6
285,14,14,13,7,6
300,14,14,29,7,7
334,14,14,23,6,10
362,14,14,29,7,9
377,14,14,13,10,8
441,14,14,25,7,8
493,14,14,26,10,10
518,14,14,27,7,6
2,14,14,30,11,5
6,14,14,12,10,7
97,14,14,13,12,7
101,14,14,14,8,8
121,14,14,18,10,8
181,14,14,30,10,5
189,14,14,18,7,6
222,14,14,14,10,9
235,14,14,15,10,5
260,14,14,25,9,10
311,14,14,29,6,6
352,14,14,22,6,8
397,14,14,14,6,6
403,14,14,17,8,9
413,14,14,23,8,6
429,14,14,13,11,7
465,14,14,19,9,10
481,14,14,26,10,6
510,14,14,28,9,8
26,14,110,15,12,9
36,14,110,14,8,8
53,14,110,21,11,5
66,14,110,20,9,8
79,14,110,28,10,7
140,14,110,29,7,5
159,14,110,28,11,8
204,14,110,30,8,10
285,14,110,23,11,6
300,14,110,26,9,5
334,14,110,24,7,8
362,14,110,26,12,10
377,14,110,13,6,7
441,14,110,13,9,5
493,14,110,19,7,9
518,14,110,30,11,7
2,14,110,13,7,10
6,14,110,12,8,5
97,14,110,28,8,9
101,14,110,21,8,8
121,14,110,18,7,6
181,14,110,25,12,9
189,14,110,29,11,9
222,14,110,12,12,9
235,14,110,28,9,5
260,14,110,28,6,7
311,14,110,17,9,6
352,14,110,25,6,5
397,14,110,24,9,5
403,14,110,16,12,5
413,14,110,21,9,7
429,14,110,30,10,5
465,14,110,25,11,5
481,14,110,26,12,9
510,14,110,23,8,5
67,15,89,13,11,6
87,15,89,22,10,6
138,15,89,22,7,5
156,15,89,25,8,6
173,15,89,13,6,8
187,15,89,27,12,10
236,15,89,28,7,6
273,15,89,12,6,8
284,15,89,28,10,9
297,15,89,12,9,5
393,15,89,16,12,6
405,15,89,23,11,5
426,15,89,18,11,6
451,15,89,23,8,7
476,15,89,12,10,6
494,15,89,21,7,9
9,15,89,12,11,6
24,15,89,21,7,7
39,15,89,28,8,6
51,15,89,24,7,8
85,15,89,22,7,10
104,15,89,25,8,7
120,15,89,12,10,8
204,15,89,26,8,5
210,15,89,21,11,8
221,15,89,26,12,7
267,15,89,14,11,7
310,15,89,21,6,7
324,15,89,14,9,9
338,15,89,27,12,9
348,15,89,24,8,10
360,15,89,12,6,7
381,15,89,22,9,5
440,15,89,20,12,8
468,15,89,15,11,7
67,15,90,19,6,5
87,15,90,28,6,9
138,15,90,20,12,8
156,15,90,30,6,6
173,15,90,12,10,9
187,15,90,23,11,5
236,15,90,20,8,6
273,15,90,21,12,7
284,15,90,16,8,5
297,15,90,22,6,8
393,15,90,21,6,9
405,15,90,17,10,10
426,15,90,12,12,6
451,15,90,28,10,8
476,15,90,17,8,9
494,15,90,21,9,7
9,15,90,24,8,5
24,15,90,25,9,5
39,15,90,17,8,7
51,15,90,17,10,10
85,15,90,14,12,7
104,15,90,30,10,9
120,15,90,29,12,6
204,15,90,14,6,6
210,15,90,24,12,5
221,15,90,29,10,9
267,15,90,16,6,6
310,15,90,18,6,5
324,15,90,12,9,10
338,15,90,20,12,6
348,15,90,30,10,5
360,15,90,15,7,9
381,15,90,25,6,5
440,15,90,13,11,6
468,15,90,20,9,5
67,15,91,16,11,9
87,15,91,21,12,10
138,15,91,19,10,10
156,15,91,12,10,7
173,15,91,19,9,7
187,15,91,12,6,9
236,15,91,23,8,9
273,15,91,29,11,9
284,15,91,30,9,10
297,15,91,30,10,6
393,15,91,13,7,5
405,15,91,17,6,6
426,15,91,28,6,10
451,15,91,16,12,9
476,15,91,13,8,7
494,15,91,16,10,6
9,15,91,30,11,8
24,15,91,29,7,7
39,15,91,20,8,6
51,15,91,19,9,6
85,15,91,16,9,10
104,15,91,16,9,7
120,15,91,21,6,8
204,15,91,17,8,7
210,15,91,23,6,8
221,15,91,15,11,6
267,15,91,27,11,9
310,15,91,21,6,7
324,15,91,25,10,5
338,15,91,26,9,7
348,15,91,17,11,8
360,15,91,29,12,7
381,15,91,13,7,8
440,15,91,26,7,7
468,15,91,22,12,10
67,15,92,29,11,7
87,15,92,29,8,9
138,15,92,23,9,6
156,15,92,12,10,10
173,15,92,16,9,9
187,15,92,17,6,10
236,15,92,16,6,6
273,15,92,23,6,10
284,15,92,15,6,6
297,15,92,14,9,5
393,15,92,21,9,5
405,15,92,13,10,5
426,15,92,21,8,7
451,15,92,29,6,8
476,15,92,16,6,6
494,15,92,29,6,10
9,15,92,25,10,7
24,15,92,20,8,10
39,15,92,27,6,10
51,15,92,14,10,7
85,15,92,27,11,10
104,15,92,28,10,6
120,15,92,30,10,6
204,15,92,29,8,6
210,15,92,13,7,10
221,15,92,24,9,6
267,15,92,17,9,7
310,15,92,15,12,6
324,15,92,28,6,9
338,15,92,12,9,7
348,15,92,20,11,9
360,15,92,28,10,5
381,15,92,30,9,9
440,15,92,23,7,9
468,15,92,17,10,10
67,15,135,17,12,9
87,15,135,14,8,9
138,15,135,24,7,7
156,15,135,25,6,6
173,15,135,24,6,5
187,15,135,19,7,6
236,15,135,18,6,9
273,15,135,16,9,7
284,15,135,12,9,6
297,15,135,28,8,8
393,15,135,15,10,9
405,15,135,27,6,8
426,15,135,20,8,10
451,15,135,14,11,8
476,15,135,25,6,6
494,15,135,13,8,7
9,15,135,18,8,5
24,15,135,16,7,8
39,15,135,21,12,5
51,15,135,18,9,9
85,15,135,26,11,7
104,15,135,21,7,10
120,15,135,26,9,10
204,15,135,24,11,6
210,15,135,20,12,6
221,15,135,16,8,7
267,15,135,22,10,7
310,15,135,15,6,7
324,15,135,21,6,7
338,15,135,29,7,7
348,15,135,22,6,6
360,15,135,19,6,6
381,15,135,19,7,8
440,15,135,18,12,9
468,15,135,20,9,10
5,16,37,27,9,5
98,16,37,30,6,6
110,16,37,16,12,9
158,16,37,19,8,5
172,16,37,30,9,10
190,16,37,27,7,9
199,16,37,13,10,6
223,16,37,25,8,8
235,16,37,21,12,7
255,16,37,17,12,5
327,16,37,14,12,10
356,16,37,13,10,8
392,16,37,14,11,7
432,16,37,21,6,6
445,16,37,24,7,5
506,16,37,23,12,10
521,16,37,25,12,7
23,16,37,18,9,9
38,16,37,12,7,8
50,16,37,16,10,5
71,16,37,18,8,10
82,16,37,17,6,5
126,16,37,27,7,10
140,16,37,15,12,9
212,16,37,23,10,7
276,16,37,14,10,8
292,16,37,14,8,10
303,16,37,21,7,5
318,16,37,12,7,6
343,16,37,12,10,9
379,16,37,13,9,9
404,16,37,20,7,10
463,16,37,15,7,5
478,16,37,27,11,10
515,16,37,14,11,5
5,16,38,22,6,8
98,16,38,21,9,5
110,16,38,24,12,10
158,16,38,20,12,7
172,16,38,12,6,8
190,16,38,29,8,7
199,16,38,29,11,9
223,16,38,20,11,6
235,16,38,14,11,10
255,16,38,26,11,9
327,16,38,18,8,8
356,16,38,18,6,9
392,16,38,15,7,10
432,16,38,25,8,8
445,16,38,26,7,7
506,16,38,27,11,6
521,16,38,27,8,6
23,16,38,16,9,8
38,16,38,20,7,10
50,16,38,26,6,7
71,16,38,20,8,5
82,16,38,28,8,5
126,16,38,30,10,9
140,16,38,16,12,7
212,16,38,14,6,8
276,16,38,27,7,7
292,16,38,24,12,9
303,16,38,18,9,9
318,16,38,22,7,9
343,16,38,29,6,6
379,16,38,16,10,5
404,16,38,16,8,7
463,16,38,27,12,7
478,16,38,22,8,9
515,16,38,14,9,6
5,16,39,22,10,8
98,16,39,17,7,10
110,16,39,20,10,6
158,16,39,24,10,10
172,16,39,27,12,7
190,16,39,18,9,10
199,16,39,25,10,6
223,16,39,12,8,5
235,16,39,18,11,6
255,16,39,28,6,7
327,16,39,20,11,6
356,16,39,27,9,5
392,16,39,17,6,8
432,16,39,29,9,6
445,16,39,24,12,5
506,16,39,28,9,5
521,16,39,26,7,9
23,16,39,23,10,9
38,16,39,18,9,9
50,16,39,29,6,8
71,16,39,21,9,6
82,16,39,23,10,10
126,16,39,26,11,9
140,16,39,21,10,5
212,16,39,14,11,7
276,16,39,24,9,7
292,16,39,15,6,8
303,16,39,19,8,10
318,16,39,25,9,6
343,16,39,17,12,5
379,16,39,25,11,10
404,16,39,23,6,9
463,16,39,16,12,6
478,16,39,12,12,9
515,16,39,12,7,9
5,16,40,12,11,7
98,16,40,26,10,7
110,16,40,13,10,5
158,16,40,30,6,5
172,16,40,25,12,8
190,16,40,30,10,8
199,16,40,29,11,8
223,16,40,12,11,10
235,16,40,29,10,10
255,16,40,27,6,10
327,16,40,25,12,6
356,16,40,20,11,5
392,16,40,25,12,9
432,16,40,28,6,8
445,16,40,14,11,7
506,16,40,14,10,6
521,16,40,12,10,5
23,16,40,15,8,10
38,16,40,23,8,8
50,16,40,20,9,7
71,16,40,13,12,10
82,16,40,13,8,5
126,16,40,24,10,6
140,16,40,22,9,8
212,16,40,21,9,8
276,16,40,15,9,10
292,16,40,28,6,8
303,16,40,25,11,6
318,16,40,24,6,6
343,16,40,26,7,5
379,16,40,25,12,5
404,16,40,13,9,10
463,16,40,19,7,9
478,16,40,19,11,6
515,16,40,17,12,5
5,16,149,27,11,10
98,16,149,27,7,8
110,16,149,26,8,10
158,16,149,21,11,8
172,16,149,13,10,6
190,16,149,17,11,10
199,16,149,14,11,5
223,16,149,12,6,5
235,16,149,27,11,5
255,16,149,17,8,5
327,16,149,20,8,10
356,16,149,15,9,5
392,16,149,29,7,9
432,16,149,28,9,7
445,16,149,30,7,9
506,16,149,29,6,9
521,16,149,30,12,5
23,16,149,30,10,6
38,16,149,18,6,9
50,16,149,15,10,9
71,16,149,30,12,5
82,16,149,30,9,9
126,16,149,25,12,6
140,16,149,25,11,8
212,16,149,30,8,6
276,16,149,17,9,6
292,16,149,22,8,5
303,16,149,20,12,6
318,16,149,22,8,8
343,16,149,27,12,8
379,16,149,19,7,7
404,16,149,17,11,5
463,16,149,21,9,8
478,16,149,24,8,7
515,16,149,28,11,10
1,17,6,23,12,6
97,17,6,12,8,9
118,17,6,24,11,10
149,17,6,23,10,7
166,17,6,17,10,10
182,17,6,15,8,9
196,17,6,15,7,6
261,17,6,30,9,5
281,17,6,28,8,8
328,17,6,21,10,5
340,17,6,20,11,8
387,17,6,16,11,10
406,17,6,16,9,6
487,17,6,29,7,8
519,17,6,27,6,5
32,17,6,24,6,6
46,17,6,12,10,9
63,17,6,13,10,7
74,17,6,14,11,10
102,17,6,22,11,10
136,17,6,21,6,7
206,17,6,28,10,6
227,17,6,13,10,7
238,17,6,21,10,10
251,17,6,18,9,8
298,17,6,23,10,10
309,17,6,24,6,5
356,17,6,24,10,9
373,17,6,19,12,9
428,17,6,16,10,8
445,17,6,17,12,10
464,17,6,26,11,9
476,17,6,25,6,6
492,17,6,12,9,9
511,17,6,24,8,10
1,17,7,25,10,6
97,17,7,16,7,7
118,17,7,18,12,10
149,17,7,23,7,5
166,17,7,26,9,10
182,17,7,29,7,7
196,17,7,30,10,6
261,17,7,20,12,6
281,17,7,19,6,5
328,17,7,18,9,5
340,17,7,22,10,10
387,17,7,27,8,6
406,17,7,17,10,8
487,17,7,16,9,8
519,17,7,30,7,10
32,17,7,21,8,6
46,17,7,29,10,10
63,17,7,19,8,10
74,17,7,28,8,10
102,17,7,20,12,7
136,17,7,28,12,7
206,17,7,28,6,6
227,17,7,20,9,10
238,17,7,21,11,6
251,17,7,28,12,6
298,17,7,30,10,7
309,17,7,22,11,9
356,17,7,23,7,10
373,17,7,29,11,10
428,17,7,27,7,5
445,17,7,12,10,9
464,17,7,28,7,8
476,17,7,18,6,7
492,17,7,30,10,9
511,17,7,25,11,8
1,17,8,28,7,5
97,17,8,29,11,7
118,17,8,19,10,10
149,17,8,23,8,8
166,17,8,29,12,9
182,17,8,20,7,9
196,17,8,28,9,6
261,17,8,24,10,5
281,17,8,14,12,9
328,17,8,14,11,10
340,17,8,25,12,5
387,17,8,23,11,5
406,17,8,19,9,10
487,17,8,17,7,7
519,17,8,22,8,8
32,17,8,26,10,7
46,17,8,13,7,9
63,17,8,28,9,6
74,17,8,12,11,10
102,17,8,24,12,10
136,17,8,28,11,9
206,17,8,12,8,6
227,17,8,12,8,10
238,17,8,14,6,7
251,17,8,18,6,5
298,17,8,27,7,9
309,17,8,12,7,5
356,17,8,21,11,8
373,17,8,22,12,5
428,17,8,19,11,10
445,17,8,20,6,6
464,17,8,14,8,9
476,17,8,14,11,7
492,17,8,18,9,5
511,17,8,30,10,7
1,17,9,12,8,5
97,17,9,24,7,5
118,17,9,20,9,6
149,17,9,18,9,6
166,17,9,13,9,8
182,17,9,24,6,5
196,17,9,20,10,7
261,17,9,28,12,8
281,17,9,27,9,7
328,17,9,17,8,9
340,17,9,29,9,8
387,17,9,17,12,10
406,17,9,27,7,5
487,17,9,23,11,9
519,17,9,13,8,9
32,17,9,16,9,9
46,17,9,18,6,6
63,17,9,19,10,10
74,17,9,25,7,10
102,17,9,14,8,10
136,17,9,12,7,10
206,17,9,19,11,6
227,17,9,25,6,9
238,17,9,13,11,7
251,17,9,19,7,9
298,17,9,23,7,8
309,17,9,16,10,8
356,17,9,28,12,5
373,17,9,22,12,8
428,17,9,28,6,5
445,17,9,22,7,8
464,17,9,27,10,10
476,17,9,17,9,8
492,17,9,12,6,6
511,17,9,16,6,9
1,17,10,24,9,10
97,17,10,17,8,10
118,17,10,23,7,5
149,17,10,21,10,9
166,17,10,19,7,6
182,17,10,28,11,5
196,17,10,21,10,6
261,17,10,28,9,5
281,17,10,17,9,6
328,17,10,20,11,8
340,17,10,27,9,5
387,17,10,15,6,8
406,17,10,13,8,9
487,17,10,21,7,7
519,17,10,20,8,7
32,17,10,14,10,6
46,17,10,23,11,8
63,17,10,30,12,8
74,17,10,17,12,5
102,17,10,12,8,5
136,17,10,13,11,8
206,17,10,12,11,10
227,17,10,17,9,8
238,17,10,21,7,5
251,17,10,13,6,5
298,17,10,24,6,5
309,17,10,25,7,5
356,17,10,12,12,10
373,17,10,20,11,5
428,17,10,22,7,10
445,17,10,18,8,6
464,17,10,18,7,7
476,17,10,30,10,7
492,17,10,19,11,8
511,17,10,27,11,6
21,18,28,17,9,8
42,18,28,23,8,8
62,18,28,22,8,8
86,18,28,25,12,8
94,18,28,23,12,6
108,18,28,18,7,9
163,18,28,19,7,9
194,18,28,18,9,6
201,18,28,26,12,9
247,18,28,18,12,5
303,18,28,15,7,6
368,18,28,20,9,5
381,18,28,27,6,10
402,18,28,30,6,9
429,18,28,24,6,6
497,18,28,14,9,6
11,18,28,18,11,6
123,18,28,28,9,10
135,18,28,17,11,5
141,18,28,16,7,5
179,18,28,12,8,10
209,18,28,17,11,6
226,18,28,24,7,10
232,18,28,24,7,10
265,18,28,13,12,8
274,18,28,12,12,8
291,18,28,17,6,6
321,18,28,30,11,8
334,18,28,27,7,6
349,18,28,13,10,8
443,18,28,17,12,9
456,18,28,18,10,6
471,18,28,26,8,7
479,18,28,29,10,8
509,18,28,29,12,7
21,18,29,19,8,10
42,18,29,17,10,5
62,18,29,17,11,9
86,18,29,12,10,8
94,18,29,28,6,7
108,18,29,17,6,9
163,18,29,16,6,6
194,18,29,21,6,5
201,18,29,17,9,5
247,18,29,30,11,6
303,18,29,26,8,6
368,18,29,25,9,6
381,18,29,15,7,8
402,18,29,27,11,9
429,18,29,27,12,5
497,18,29,24,11,8
11,18,29,16,7,9
123,18,29,26,6,5
135,18,29,30,12,6
141,18,29,21,11,5
179,18,29,14,9,5
209,18,29,15,10,5
226,18,29,20,7,6
232,18,29,16,8,6
265,18,29,29,7,10
274,18,29,23,10,6
291,18,29,30,6,5
321,18,29,30,11,10
334,18,29,15,7,6
349,18,29,14,8,10
443,18,29,20,10,5
456,18,29,18,12,8
471,18,29,25,9,10
479,18,29,24,9,10
509,18,29,20,10,10
21,18,30,17,10,7
42,18,30,16,6,10
62,18,30,18,12,8
86,18,30,26,12,8
94,18,30,23,6,9
108,18,30,19,7,5
163,18,30,17,9,8
194,18,30,22,7,6
201,18,30,23,12,10
247,18,30,30,9,6
303,18,30,13,11,6
368,18,30,17,12,6
381,18,30,17,6,5
402,18,30,16,9,7
429,18,30,19,8,7
497,18,30,23,10,6
11,18,30,22,9,5
123,18,30,18,11,8
135,18,30,26,6,7
141,18,30,26,9,8
179,18,30,22,12,6
209,18,30,25,10,5
226,18,30,29,6,7
232,18,30,28,8,5
265,18,30,16,11,8
274,18,30,15,11,8
291,18,30,25,12,5
321,18,30,17,7,10
334,18,30,21,11,9
349,18,30,15,12,7
443,18,30,24,11,6
456,18,30,15,11,10
471,18,30,21,11,10
479,18,30,28,12,7
509,18,30,29,9,5
21,18,31,27,7,10
42,18,31,19,10,6
62,18,31,26,11,10
86,18,31,15,7,8
94,18,31,20,10,5
108,18,31,15,11,10
163,18,31,27,6,5
194,18,31,17,7,6
201,18,31,25,9,7
247,18,31,24,6,5
303,18,31,19,12,6
368,18,31,26,9,6
381,18,31,29,10,8
402,18,31,13,11,7
429,18,31,25,12,7
497,18,31,19,6,5
11,18,31,22,11,10
123,18,31,27,6,7
135,18,31,17,7,10
141,18,31,25,6,8
179,18,31,19,9,7
209,18,31,27,11,5
226,18,31,14,8,10
232,18,31,26,9,10
265,18,31,15,6,9
274,18,31,16,11,9
291,18,31,17,12,8
321,18,31,24,11,6
334,18,31,12,11,8
349,18,31,28,9,6
443,18,31,25,10,5
456,18,31,23,8,7
471,18,31,18,12,6
479,18,31,12,11,9
509,18,31,13,6,9
21,18,132,27,10,6
42,18,132,16,9,7
62,18,132,17,8,6
86,18,132,26,6,6
94,18,132,26,9,5
108,18,132,19,6,9
163,18,132,26,9,7
194,18,132,15,10,6
201,18,132,13,6,7
247,18,132,26,8,7
303,18,132,16,9,7
368,18,132,22,8,8
381,18,132,27,11,10
402,18,132,17,9,9
429,18,132,12,6,8
497,18,132,26,12,10
11,18,132,17,12,5
123,18,132,18,12,8
135,18,132,16,7,10
141,18,132,13,7,8
179,18,132,22,10,5
209,18,132,21,10,10
226,18,132,14,12,8
232,18,132,22,8,6
265,18,132,24,10,8
274,18,132,26,10,9
291,18,132,23,10,9
321,18,132,21,12,10
334,18,132,20,11,5
349,18,132,17,11,6
443,18,132,13,6,9
456,18,132,21,11,6
471,18,132,29,8,6
479,18,132,25,6,8
509,18,132,25,7,9
11,19,121,18,12,8
33,19,121,19,7,9
56,19,121,13,7,10
115,19,121,17,7,8
131,19,121,20,6,10
146,19,121,25,8,6
186,19,121,30,11,5
207,19,121,14,11,10
241,19,121,25,8,7
258,19,121,15,12,9
276,19,121,19,10,6
295,19,121,30,12,7
316,19,121,12,6,10
359,19,121,14,6,5
375,19,121,12,6,7
456,19,121,17,7,9
498,19,121,23,10,6
42,19,121,16,6,7
67,19,121,30,9,6
80,19,121,23,7,9
98,19,121,15,9,10
160,19,121,22,12,10
168,19,121,30,11,8
203,19,121,27,11,7
219,19,121,21,12,9
248,19,121,21,12,9
325,19,121,26,8,5
333,19,121,22,11,7
346,19,121,27,6,9
388,19,121,24,9,10
400,19,121,26,6,6
414,19,121,12,10,5
427,19,121,28,11,5
441,19,121,22,12,8
485,19,121,25,12,9
11,19,122,27,8,10
33,19,122,20,7,6
56,19,122,23,7,10
115,19,122,19,11,10
131,19,122,18,10,5
146,19,122,22,12,7
186,19,122,16,6,10
207,19,122,25,7,9
241,19,122,18,12,7
258,19,122,28,10,5
276,19,122,14,8,8
295,19,122,21,6,5
316,19,122,21,8,7
359,19,122,29,8,10
375,19,122,15,8,10
456,19,122,14,8,8
498,19,122,15,9,10
42,19,122,29,11,7
67,19,122,21,9,5
80,19,122,21,10,6
98,19,122,28,12,7
160,19,122,27,7,5
168,19,122,21,12,10
203,19,122,15,9,10
219,19,122,29,10,10
248,19,122,19,9,7
325,19,122,27,10,10
333,19,122,19,10,7
346,19,122,15,11,8
388,19,122,17,6,8
400,19,122,30,10,5
414,19,122,20,6,9
427,19,122,27,6,5
441,19,122,23,6,8
485,19,122,24,6,7
11,19,123,25,10,7
33,19,123,25,11,7
56,19,123,21,8,6
115,19,123,21,6,9
131,19,123,12,7,6
146,19,123,22,8,5
186,19,123,30,7,10
207,19,123,13,9,9
241,19,123,28,6,7
258,19,123,20,9,6
276,19,123,26,6,7
295,19,123,28,6,5
316,19,123,29,11,5
359,19,123,19,7,5
375,19,123,24,11,7
456,19,123,30,6,8
498,19,123,23,11,7
42,19,123,29,6,10
67,19,123,21,7,9
80,19,123,25,6,10
98,19,123,16,9,8
160,19,123,23,8,6
168,19,123,30,10,5
203,19,123,25,11,6
219,19,123,28,11,9
248,19,123,14,6,7
325,19,123,23,8,7
333,19,123,13,6,6
346,19,123,28,9,8
388,19,123,26,10,8
400,19,123,26,6,9
414,19,123,29,12,7
427,19,123,12,10,5
441,19,123,27,9,7
485,19,123,21,11,5
11,19,133,14,7,5
33,19,133,27,11,6
56,19,133,27,6,6
115,19,133,21,10,10
131,19,133,30,10,8
146,19,133,20,8,8
186,19,133,23,12,10
207,19,133,13,11,5
241,19,133,21,6,10
258,19,133,25,7,5
276,19,133,19,6,7
295,19,133,20,8,10
316,19,133,19,8,9
359,19,133,16,6,10
375,19,133,20,7,5
456,19,133,29,6,9
498,19,133,25,11,9
42,19,133,22,10,7
67,19,133,16,8,6
80,19,133,23,12,7
98,19,133,20,7,5
160,19,133,16,7,7
168,19,133,14,10,5
203,19,133,27,12,9
219,19,133,21,11,7
248,19,133,23,7,5
325,19,133,20,10,10
333,19,133,21,10,5
346,19,133,28,6,9
388,19,133,29,8,5
400,19,133,16,10,7
414,19,133,26,7,10
427,19,133,21,9,9
441,19,133,28,7,9
485,19,133,13,7,10
11,19,148,23,10,10
33,19,148,26,7,7
56,19,148,27,11,10
115,19,148,16,6,9
131,19,148,25,7,9
146,19,148,26,9,8
186,19,148,23,7,10
207,19,148,29,9,9
241,19,148,27,10,5
258,19,148,14,9,6
276,19,148,29,6,7
295,19,148,15,9,7
316,19,148,24,8,9
359,19,148,28,12,7
375,19,148,13,10,10
456,19,148,22,6,10
498,19,148,21,8,10
42,19,148,21,12,5
67,19,148,19,8,10
80,19,148,22,10,9
98,19,148,26,8,9
160,19,148,19,12,5
168,19,148,15,7,10
203,19,148,27,9,6
219,19,148,25,7,8
248,19,148,22,8,7
325,19,148,15,11,6
333,19,148,28,11,5
346,19,148,13,9,9
388,19,148,17,9,5
400,19,148,26,10,7
414,19,148,22,8,7
427,19,148,22,8,7
441,19,148,15,7,9
485,19,148,16,10,7
27,20,24,19,7,8
46,20,24,13,8,5
64,20,24,22,10,5
76,20,24,13,6,10
151,20,24,30,7,9
195,20,24,13,10,7
202,20,24,12,10,5
228,20,24,13,11,6
240,20,24,13,10,9
259,20,24,22,12,10
347,20,24,12,12,7
360,20,24,23,9,9
384,20,24,22,7,10
412,20,24,23,10,5
424,20,24,15,11,5
438,20,24,27,10,5
446,20,24,25,12,10
471,20,24,15,6,6
484,20,24,21,10,5
499,20,24,19,11,10
508,20,24,16,6,7
517,20,24,28,9,5
33,20,24,21,9,9
91,20,24,29,6,7
99,20,24,29,9,6
116,20,24,21,11,6
132,20,24,13,12,5
162,20,24,17,6,10
175,20,24,24,8,6
254,20,24,16,6,5
268,20,24,14,6,8
287,20,24,26,12,8
296,20,24,18,10,9
326,20,24,19,12,9
402,20,24,29,10,10
27,20,25,13,9,6
46,20,25,18,11,7
64,20,25,20,10,9
76,20,25,28,7,8
151,20,25,17,12,7
195,20,25,19,7,10
202,20,25,12,7,6
228,20,25,15,9,7
240,20,25,24,7,6
259,20,25,29,9,5
347,20,25,30,9,5
360,20,25,29,11,9
384,20,25,15,12,8
412,20,25,21,7,5
424,20,25,23,10,6
438,20,25,17,7,6
446,20,25,17,6,5
471,20,25,17,7,10
484,20,25,19,9,9
499,20,25,20,9,7
508,20,25,26,10,5
517,20,25,16,9,10
33,20,25,15,11,7
91,20,25,18,6,6
99,20,25,30,12,7
116,20,25,22,7,10
132,20,25,22,9,8
162,20,25,24,11,9
175,20,25,30,9,5
254,20,25,20,7,7
268,20,25,30,11,8
287,20,25,21,12,10
296,20,25,22,7,7
326,20,25,13,11,5
402,20,25,25,7,9
27,20,26,14,10,9
46,20,26,16,12,9
64,20,26,14,11,9
76,20,26,20,12,6
151,20,26,24,6,9
195,20,26,22,10,10
202,20,26,17,11,7
228,20,26,28,9,9
240,20,26,22,11,5
259,20,26,27,10,9
347,20,26,12,6,7
360,20,26,18,12,5
384,20,26,15,12,6
412,20,26,22,6,5
424,20,26,25,8,9
438,20,26,24,11,8
446,20,26,20,9,9
471,20,26,14,8,7
484,20,26,29,9,8
499,20,26,28,11,5
508,20,26,18,9,10
517,20,26,19,10,10
33,20,26,12,6,10
91,20,26,28,7,6
99,20,26,30,6,9
116,20,26,26,8,5
132,20,26,14,11,6
162,20,26,26,10,8
175,20,26,28,12,7
254,20,26,30,10,8
268,20,26,18,6,9
287,20,26,29,9,9
296,20,26,18,7,6
326,20,26,17,11,5
402,20,26,26,10,5
27,20,27,15,6,6
46,20,27,20,8,5
64,20,27,13,6,7
76,20,27,14,9,7
151,20,27,13,7,10
195,20,27,22,12,9
202,20,27,30,8,9
228,20,27,19,6,7
240,20,27,27,7,10
259,20,27,26,9,7
347,20,27,19,9,6
360,20,27,30,6,9
384,20,27,22,11,9
412,20,27,29,12,7
424,20,27,17,12,5
438,20,27,30,11,6
446,20,27,22,9,6
471,20,27,23,6,6
484,20,27,21,6,10
499,20,27,12,11,5
508,20,27,22,9,7
517,20,27,23,12,6
33,20,27,27,9,8
91,20,27,22,11,9
99,20,27,26,7,10
116,20,27,17,10,8
132,20,27,26,8,9
162,20,27,18,12,10
175,20,27,12,7,5
254,20,27,12,12,9
268,20,27,29,6,5
287,20,27,19,11,5
296,20,27,23,11,5
326,20,27,16,6,6
402,20,27,26,10,6
27,20,142,16,7,8
46,20,142,23,8,9
64,20,142,29,12,5
76,20,142,26,9,8
151,20,142,17,10,9
195,20,142,18,10,9
202,20,142,16,12,5
228,20,142,16,6,6
240,20,142,12,11,6
259,20,142,29,6,7
347,20,142,24,10,6
360,20,142,13,6,10
384,20,142,13,12,6
412,20,142,26,11,5
424,20,142,22,8,6
438,20,142,30,9,6
446,20,142,15,7,8
471,20,142,21,10,9
484,20,142,21,11,10
499,20,142,19,12,10
508,20,142,16,11,6
517,20,142,19,9,5
33,20,142,13,12,7
91,20,142,22,9,9
99,20,142,23,9,6
116,20,142,14,9,10
132,20,142,21,6,5
162,20,142,12,9,9
175,20,142,29,9,5
254,20,142,22,6,6
268,20,142,14,7,8
287,20,142,25,10,8
296,20,142,24,6,7
326,20,142,13,6,8
402,20,142,21,7,9
10,21,73,20,6,10
71,21,73,15,11,7
85,21,73,14,11,10
107,21,73,26,7,7
239,21,73,19,8,8
257,21,73,21,6,10
271,21,73,27,6,5
291,21,73,17,6,10
317,21,73,25,9,6
332,21,73,24,10,5
411,21,73,30,12,6
437,21,73,27,9,7
449,21,73,16,9,6
469,21,73,28,11,7
25,21,73,13,11,9
35,21,73,12,9,8
57,21,73,16,7,9
129,21,73,25,11,7
144,21,73,23,9,5
169,21,73,27,8,10
177,21,73,17,8,8
195,21,73,21,8,6
207,21,73,20,6,5
220,21,73,19,9,10
229,21,73,26,7,10
304,21,73,24,10,7
341,21,73,15,10,6
365,21,73,26,10,5
380,21,73,13,9,9
390,21,73,19,8,7
422,21,73,17,10,9
483,21,73,23,10,10
496,21,73,19,12,5
508,21,73,30,7,10
517,21,73,28,10,7
10,21,74,27,9,9
71,21,74,24,10,9
85,21,74,20,8,6
107,21,74,16,10,10
239,21,74,14,9,10
257,21,74,23,12,10
271,21,74,18,7,8
291,21,74,25,11,5
317,21,74,27,10,8
332,21,74,25,9,6
411,21,74,16,9,10
437,21,74,24,12,7
449,21,74,27,8,5
469,21,74,15,6,6
25,21,74,13,9,5
35,21,74,21,12,7
57,21,74,18,7,8
129,21,74,18,11,9
144,21,74,26,11,9
169,21,74,13,11,5
177,21,74,13,10,10
195,21,74,12,8,7
207,21,74,24,9,5
220,21,74,19,6,8
229,21,74,12,8,9
304,21,74,14,11,5
341,21,74,20,12,9
365,21,74,14,11,10
380,21,74,19,6,10
390,21,74,27,6,10
422,21,74,12,8,9
483,21,74,27,10,8
496,21,74,28,7,9
508,21,74,27,7,9
517,21,74,15,8,6
10,21,75,30,8,8
71,21,75,21,6,8
85,21,75,22,9,6
107,21,75,28,9,6
239,21,75,29,8,10
257,21,75,20,9,7
271,21,75,26,10,9
291,21,75,25,10,9
317,21,75,17,8,9
332,21,75,19,12,10
411,21,75,29,12,10
437,21,75,14,10,6
449,21,75,18,10,5
469,21,75,23,6,6
25,21,75,14,9,10
35,21,75,22,9,8
57,21,75,16,10,7
129,21,75,12,10,10
144,21,75,27,12,9
169,21,75,20,11,6
177,21,75,23,12,9
195,21,75,12,12,8
207,21,75,28,6,8
220,21,75,25,7,8
229,21,75,25,8,7
304,21,75,29,10,7
341,21,75,20,12,8
365,21,75,30,7,10
380,21,75,30,11,9
390,21,75,21,12,7
422,21,75,29,9,10
483,21,75,16,8,9
496,21,75,12,9,7
508,21,75,21,8,8
517,21,75,21,12,6
10,21,124,14,12,10
71,21,124,17,6,6
85,21,124,17,6,6
107,21,124,20,9,10
239,21,124,15,8,6
257,21,124,23,6,7
271,21,124,21,12,7
291,21,124,29,9,7
317,21,124,15,12,8
332,21,124,23,7,6
411,21,124,14,8,10
437,21,124,17,12,10
449,21,124,30,6,6
469,21,124,13,10,6
25,21,124,16,8,6
35,21,124,20,6,10
57,21,124,25,6,10
129,21,124,12,12,5
144,21,124,29,12,8
169,21,124,25,8,8
177,21,124,19,12,10
195,21,124,13,9,8
207,21,124,24,7,7
220,21,124,13,7,10
229,21,124,12,6,8
304,21,124,23,9,10
341,21,124,12,7,5
365,21,124,25,10,10
380,21,124,21,10,5
390,21,124,15,10,8
422,21,124,20,11,6
483,21,124,18,8,10
496,21,124,20,6,10
508,21,124,29,12,5
517,21,124,24,6,9
10,21,134,16,6,6
71,21,134,18,8,6
85,21,134,23,6,5
107,21,134,19,8,5
239,21,134,15,8,7
257,21,134,17,11,5
271,21,134,15,9,6
291,21,134,15,11,5
317,21,134,18,9,8
332,21,134,20,8,5
411,21,134,21,12,5
437,21,134,20,9,10
449,21,134,18,11,5
469,21,134,16,10,7
25,21,134,14,9,7
35,21,134,21,11,6
57,21,134,13,9,6
129,21,134,21,8,5
144,21,134,25,7,6
169,21,134,20,6,6
177,21,134,19,10,10
195,21,134,30,10,7
207,21,134,12,8,10
220,21,134,28,10,5
229,21,134,22,10,9
304,21,134,23,7,9
341,21,134,26,11,5
365,21,134,25,12,7
380,21,134,12,9,8
390,21,134,29,6,9
422,21,134,27,10,6
483,21,134,14,10,9
496,21,134,19,10,10
508,21,134,15,11,7
517,21,134,23,8,10
60,22,80,25,9,7
99,22,80,27,11,5
129,22,80,19,7,9
143,22,80,26,12,8
169,22,80,23,7,7
180,22,80,19,9,9
200,22,80,27,7,9
214,22,80,18,7,6
269,22,80,29,7,7
290,22,80,24,9,6
325,22,80,18,10,5
331,22,80,29,9,5
344,22,80,26,9,7
372,22,80,19,11,10
389,22,80,30,6,7
450,22,80,20,9,5
482,22,80,20,11,9
505,22,80,20,12,10
20,22,80,16,9,9
36,22,80,15,7,8
49,22,80,16,10,7
92,22,80,13,6,7
112,22,80,22,7,9
154,22,80,23,6,9
247,22,80,30,11,10
259,22,80,24,12,9
280,22,80,26,12,6
297,22,80,15,8,7
312,22,80,23,12,10
358,22,80,28,11,5
406,22,80,23,8,8
419,22,80,15,12,10
437,22,80,13,11,9
457,22,80,17,12,7
475,22,80,20,12,7
60,22,81,29,6,5
99,22,81,28,11,10
129,22,81,17,10,10
143,22,81,18,9,7
169,22,81,16,11,6
180,22,81,12,10,10
200,22,81,29,8,8
214,22,81,28,9,7
269,22,81,13,8,8
290,22,81,27,11,5
325,22,81,12,6,10
331,22,81,25,7,6
344,22,81,28,12,6
372,22,81,21,6,9
389,22,81,23,12,6
450,22,81,23,9,6
482,22,81,16,9,8
505,22,81,18,8,8
20,22,81,30,10,6
36,22,81,21,9,9
49,22,81,23,8,6
92,22,81,24,9,5
112,22,81,13,9,6
154,22,81,25,9,9
247,22,81,26,12,9
259,22,81,15,7,6
280,22,81,21,7,5
297,22,81,17,9,6
312,22,81,28,8,5
358,22,81,12,7,5
406,22,81,13,12,6
419,22,81,20,8,10
437,22,81,23,10,7
457,22,81,30,9,6
475,22,81,16,10,7
60,22,82,24,6,7
99,22,82,26,9,7
129,22,82,13,12,9
143,22,82,29,8,10
169,22,82,27,9,5
180,22,82,14,12,5
200,22,82,21,8,6
214,22,82,13,9,8
269,22,82,12,6,8
290,22,82,21,12,9
325,22,82,28,8,9
331,22,82,27,9,7
344,22,82,19,11,10
372,22,82,26,10,5
389,22,82,12,7,8
450,22,82,18,8,6
482,22,82,12,6,6
505,22,82,26,12,7
20,22,82,19,8,7
36,22,82,23,7,6
49,22,82,21,6,6
92,22,82,25,9,10
112,22,82,23,11,8
154,22,82,13,11,9
247,22,82,15,10,7
259,22,82,17,6,6
280,22,82,29,9,6
297,22,82,24,6,7
312,22,82,27,11,7
358,22,82,23,10,7
406,22,82,27,6,6
419,22,82,19,8,5
437,22,82,14,10,6
457,22,82,14,7,7
475,22,82,28,9,9
60,22,83,12,8,5
99,22,83,18,8,6
129,22,83,19,9,8
143,22,83,26,6,5
169,22,83,17,11,6
180,22,83,21,9,8
200,22,83,17,12,7
214,22,83,15,10,7
269,22,83,18,10,7
290,22,83,13,12,5
325,22,83,29,11,9
331,22,83,26,9,5
344,22,83,19,11,10
372,22,83,20,6,6
389,22,83,28,12,9
450,22,83,21,10,5
482,22,83,13,10,6
505,22,83,28,10,8
20,22,83,25,7,5
36,22,83,14,12,6
49,22,83,28,11,9
92,22,83,16,10,10
112,22,83,13,11,10
154,22,83,23,7,5
247,22,83,14,7,8
259,22,83,19,7,10
280,22,83,12,7,10
297,22,83,18,8,5
312,22,83,14,10,10
358,22,83,24,6,6
406,22,83,27,8,9
419,22,83,20,6,8
437,22,83,26,6,5
457,22,83,13,6,6
475,22,83,23,7,6
60,22,84,14,11,9
99,22,84,12,6,9
129,22,84,15,8,7
143,22,84,18,7,10
169,22,84,26,11,10
180,22,84,27,11,7
200,22,84,20,7,6
214,22,84,30,9,9
269,22,84,23,7,9
290,22,84,17,9,7
325,22,84,26,10,9
331,22,84,28,7,9
344,22,84,29,6,7
372,22,84,21,6,6
389,22,84,24,8,6
450,22,84,17,6,9
482,22,84,12,9,7
505,22,84,18,8,10
20,22,84,29,8,7
36,22,84,22,8,10
49,22,84,23,10,5
92,22,84,30,10,9
112,22,84,30,7,7
154,22,84,18,7,10
247,22,84,15,7,5
259,22,84,20,7,10
280,22,84,22,12,6
297,22,84,30,12,5
312,22,84,16,10,9
358,22,84,18,12,7
406,22,84,18,10,7
419,22,84,27,7,5
437,22,84,21,12,7
457,22,84,13,7,5
475,22,84,20,6,8
89,23,93,28,9,8
111,23,93,29,11,9
126,23,93,14,11,8
141,23,93,21,12,9
174,23,93,24,8,7
191,23,93,15,10,7
212,23,93,18,6,5
233,23,93,17,10,9
262,23,93,19,8,9
298,23,93,17,8,8
329,23,93,18,12,10
365,23,93,13,7,5
400,23,93,20,12,6
447,23,93,28,10,5
457,23,93,29,10,5
486,23,93,16,9,7
503,23,93,19,10,8
16,23,93,12,11,7
27,23,93,15,9,7
47,23,93,12,12,5
62,23,93,15,12,8
75,23,93,26,6,5
157,23,93,20,7,7
199,23,93,20,11,9
242,23,93,24,8,8
249,23,93,25,9,10
271,23,93,29,9,5
285,23,93,27,12,7
308,23,93,21,11,7
344,23,93,15,6,8
391,23,93,18,6,5
418,23,93,13,8,9
433,23,93,28,11,8
462,23,93,22,12,10
513,23,93,21,9,9
89,23,94,25,7,6
111,23,94,27,7,8
126,23,94,23,7,10
141,23,94,13,8,5
174,23,94,27,10,8
191,23,94,27,12,10
212,23,94,20,12,8
233,23,94,12,11,10
262,23,94,15,10,9
298,23,94,14,12,5
329,23,94,30,10,6
365,23,94,23,9,8
400,23,94,25,11,8
447,23,94,21,11,10
457,23,94,17,8,10
486,23,94,14,10,10
503,23,94,15,10,10
16,23,94,23,11,5
27,23,94,21,9,9
47,23,94,30,10,10
62,23,94,14,8,6
75,23,94,26,12,10
157,23,94,15,12,7
199,23,94,22,12,9
242,23,94,28,12,7
249,23,94,27,6,10
271,23,94,19,10,10
285,23,94,23,9,9
308,23,94,21,6,8
344,23,94,29,8,7
391,23,94,16,11,10
418,23,94,16,7,10
433,23,94,27,9,7
462,23,94,25,7,9
513,23,94,28,11,6
89,23,95,23,9,8
111,23,95,14,7,7
126,23,95,12,8,6
141,23,95,17,6,7
174,23,95,13,6,9
191,23,95,12,6,6
212,23,95,12,7,5
233,23,95,17,9,8
262,23,95,29,12,8
298,23,95,29,11,7
329,23,95,13,6,10
365,23,95,21,10,10
400,23,95,23,8,8
447,23,95,27,6,8
457,23,95,17,12,5
486,23,95,22,8,8
503,23,95,27,6,9
16,23,95,24,9,6
27,23,95,21,11,10
47,23,95,12,11,10
62,23,95,26,11,7
75,23,95,30,7,8
157,23,95,23,6,7
199,23,95,15,9,5
242,23,95,30,11,9
249,23,95,12,8,10
271,23,95,16,6,10
285,23,95,13,8,10
308,23,95,23,6,5
344,23,95,18,8,6
391,23,95,28,10,6
418,23,95,27,6,9
433,23,95,20,8,7
462,23,95,30,10,7
513,23,95,13,11,6
89,23,96,15,10,5
111,23,96,23,10,6
126,23,96,15,8,9
141,23,96,24,12,8
174,23,96,28,6,8
191,23,96,22,10,5
212,23,96,16,8,9
233,23,96,14,11,7
262,23,96,13,9,8
298,23,96,25,10,10
329,23,96,12,11,7
365,23,96,25,9,8
400,23,96,12,10,9
447,23,96,16,7,9
457,23,96,19,9,8
486,23,96,19,7,8
503,23,96,30,6,6
16,23,96,27,11,10
27,23,96,13,10,8
47,23,96,20,10,5
62,23,96,17,9,7
75,23,96,22,12,7
157,23,96,27,12,7
199,23,96,18,11,8
242,23,96,27,10,5
249,23,96,17,12,5
271,23,96,14,8,5
285,23,96,24,7,10
308,23,96,25,11,7
344,23,96,14,6,8
391,23,96,25,11,7
418,23,96,21,7,8
433,23,96,20,9,5
462,23,96,30,8,6
513,23,96,20,7,6
89,23,141,14,11,6
111,23,141,28,9,7
126,23,141,15,8,6
141,23,141,14,6,6
174,23,141,30,8,5
191,23,141,14,10,10
212,23,141,13,6,8
233,23,141,17,9,8
262,23,141,27,10,8
298,23,141,27,8,6
329,23,141,13,7,7
365,23,141,17,9,7
400,23,141,19,6,10
447,23,141,19,6,8
457,23,141,16,10,5
486,23,141,14,8,5
503,23,141,25,12,10
16,23,141,24,10,7
27,23,141,23,8,6
47,23,141,13,7,5
62,23,141,28,11,5
75,23,141,23,7,6
157,23,141,20,9,7
199,23,141,27,6,8
242,23,141,15,11,7
249,23,141,24,9,6
271,23,141,17,11,5
285,23,141,28,10,6
308,23,141,19,7,5
344,23,141,19,12,6
391,23,141,16,8,10
418,23,141,23,8,8
433,23,141,14,11,8
462,23,141,24,11,9
513,23,141,19,10,5
16,24,1,17,12,10
95,24,1,13,6,9
109,24,1,19,10,6
123,24,1,25,6,5
137,24,1,30,11,6
144,24,1,24,6,7
164,24,1,27,8,5
203,24,1,21,10,6
216,24,1,22,10,10
277,24,1,19,12,5
326,24,1,30,6,8
382,24,1,19,8,9
397,24,1,18,8,9
455,24,1,13,7,7
485,24,1,13,12,5
516,24,1,14,10,10
29,24,1,29,12,9
37,24,1,29,8,5
53,24,1,24,10,10
65,24,1,15,11,10
176,24,1,13,7,8
184,24,1,21,12,10
241,24,1,29,8,7
253,24,1,27,11,7
257,24,1,14,11,5
305,24,1,15,12,6
336,24,1,19,9,8
350,24,1,19,6,9
363,24,1,20,9,5
409,24,1,28,8,6
434,24,1,30,10,7
473,24,1,20,9,7
495,24,1,13,9,6
507,24,1,28,11,5
522,24,1,12,7,8
16,24,2,19,8,8
95,24,2,14,12,9
109,24,2,29,8,7
123,24,2,24,9,6
137,24,2,13,11,10
144,24,2,19,12,10
164,24,2,13,6,10
203,24,2,18,8,9
216,24,2,18,6,5
277,24,2,13,11,7
326,24,2,18,7,7
382,24,2,22,12,7
397,24,2,30,12,6
455,24,2,29,12,10
485,24,2,23,8,10
516,24,2,13,8,8
29,24,2,12,12,6
37,24,2,23,9,9
53,24,2,17,9,5
65,24,2,26,11,6
176,24,2,18,7,5
184,24,2,25,10,6
241,24,2,21,12,9
253,24,2,12,9,8
257,24,2,16,10,8
305,24,2,14,11,7
336,24,2,28,6,10
350,24,2,14,11,9
363,24,2,19,7,5
409,24,2,22,12,8
434,24,2,29,8,7
473,24,2,17,10,7
495,24,2,24,12,5
507,24,2,25,7,5
522,24,2,16,9,8
16,24,3,23,7,9
95,24,3,22,11,6
109,24,3,22,8,5
123,24,3,28,10,10
137,24,3,14,12,10
144,24,3,23,11,8
164,24,3,21,7,6
203,24,3,29,9,10
216,24,3,20,10,5
277,24,3,25,9,8
326,24,3,23,9,7
382,24,3,24,7,6
397,24,3,23,10,8
455,24,3,30,12,9
485,24,3,14,9,8
516,24,3,12,10,7
29,24,3,28,7,5
37,24,3,12,10,8
53,24,3,18,10,10
65,24,3,18,12,6
176,24,3,18,8,5
184,24,3,16,6,10
241,24,3,16,11,6
253,24,3,27,7,8
257,24,3,26,8,8
305,24,3,18,12,5
336,24,3,17,6,10
350,24,3,17,10,5
363,24,3,22,6,5
409,24,3,12,8,7
434,24,3,28,8,7
473,24,3,19,7,10
495,24,3,25,11,6
507,24,3,20,10,7
522,24,3,17,8,10
16,24,4,17,7,5
95,24,4,17,8,9
109,24,4,16,6,9
123,24,4,18,12,6
137,24,4,21,11,10
144,24,4,22,9,5
164,24,4,24,7,10
203,24,4,15,10,6
216,24,4,29,8,5
277,24,4,26,6,9
326,24,4,30,8,8
382,24,4,20,7,9
397,24,4,25,7,5
455,24,4,28,10,9
485,24,4,19,10,7
516,24,4,29,6,7
29,24,4,17,8,9
37,24,4,25,8,7
53,24,4,22,11,7
65,24,4,13,10,6
176,24,4,25,11,5
184,24,4,23,8,7
241,24,4,15,12,9
253,24,4,17,12,8
257,24,4,17,9,7
305,24,4,27,9,10
336,24,4,21,11,8
350,24,4,13,8,5
363,24,4,19,10,8
409,24,4,19,11,7
434,24,4,30,7,7
473,24,4,17,12,10
495,24,4,25,7,10
507,24,4,26,9,7
522,24,4,21,10,8
16,24,5,27,7,7
95,24,5,15,8,8
109,24,5,13,11,8
123,24,5,23,8,5
137,24,5,24,8,5
144,24,5,30,11,10
164,24,5,20,7,9
203,24,5,30,11,5
216,24,5,30,12,10
277,24,5,19,12,6
326,24,5,27,7,9
382,24,5,16,10,8
397,24,5,28,7,7
455,24,5,28,6,5
485,24,5,28,11,5
516,24,5,16,6,6
29,24,5,20,7,5
37,24,5,18,9,7
53,24,5,26,7,7
65,24,5,13,12,7
176,24,5,12,7,8
184,24,5,30,11,5
241,24,5,21,10,7
253,24,5,30,11,8
257,24,5,12,9,6
305,24,5,19,11,10
336,24,5,20,6,8
350,24,5,20,6,6
363,24,5,14,8,5
409,24,5,15,12,7
434,24,5,23,6,8
473,24,5,16,9,9
495,24,5,27,6,8
507,24,5,18,10,10
522,24,5,24,7,9
9,25,41,27,6,10
31,25,41,30,7,7
83,25,41,15,10,10
91,25,41,21,11,10
160,25,41,17,12,10
263,25,41,12,12,6
274,25,41,16,12,6
313,25,41,21,10,10
330,25,41,13,9,5
351,25,41,25,10,9
366,25,41,14,11,8
380,25,41,21,10,6
401,25,41,26,6,5
458,25,41,26,6,8
496,25,41,20,11,7
515,25,41,24,7,8
41,25,41,29,8,6
52,25,41,16,8,10
68,25,41,13,11,10
106,25,41,29,11,8
124,25,41,13,10,8
145,25,41,29,8,7
151,25,41,15,12,8
183,25,41,13,10,10
196,25,41,25,11,5
215,25,41,15,11,7
245,25,41,24,7,8
283,25,41,15,11,7
299,25,41,12,7,6
417,25,41,24,9,9
438,25,41,12,10,10
461,25,41,27,6,5
482,25,41,16,10,6
506,25,41,12,9,7
521,25,41,28,8,8
9,25,42,30,11,10
31,25,42,23,7,6
83,25,42,20,9,7
91,25,42,19,6,6
160,25,42,24,7,10
263,25,42,23,10,6
274,25,42,30,7,7
313,25,42,19,12,7
330,25,42,18,6,6
351,25,42,17,11,5
366,25,42,15,10,9
380,25,42,28,11,8
401,25,42,15,6,6
458,25,42,28,8,5
496,25,42,13,11,7
515,25,42,28,7,5
41,25,42,28,10,6
52,25,42,30,12,10
68,25,42,19,9,5
106,25,42,26,11,10
124,25,42,15,8,9
145,25,42,20,10,6
151,25,42,13,12,10
183,25,42,14,6,10
196,25,42,16,12,6
215,25,42,25,12,10
245,25,42,18,8,6
283,25,42,24,7,7
299,25,42,17,7,9
417,25,42,21,12,6
438,25,42,25,12,7
461,25,42,22,9,10
482,25,42,24,11,5
506,25,42,15,7,8
521,25,42,28,7,7
9,25,43,22,10,9
31,25,43,19,11,10
83,25,43,24,7,5
91,25,43,29,10,8
160,25,43,16,8,6
263,25,43,18,12,7
274,25,43,16,7,5
313,25,43,25,10,10
330,25,43,21,6,8
351,25,43,30,9,9
366,25,43,24,9,8
380,25,43,14,8,7
401,25,43,28,12,9
458,25,43,19,6,9
496,25,43,12,11,9
515,25,43,30,6,5
41,25,43,19,6,8
52,25,43,24,10,9
68,25,43,22,9,6
106,25,43,22,10,7
124,25,43,21,8,9
145,25,43,27,11,7
151,25,43,29,7,7
183,25,43,13,9,5
196,25,43,17,6,6
215,25,43,18,7,9
245,25,43,24,6,6
283,25,43,15,12,10
299,25,43,23,12,9
417,25,43,17,6,10
438,25,43,15,8,10
461,25,43,12,10,5
482,25,43,17,10,5
506,25,43,30,8,9
521,25,43,17,9,6
9,25,44,21,10,8
31,25,44,25,12,6
83,25,44,17,11,7
91,25,44,30,11,7
160,25,44,21,9,7
263,25,44,25,10,8
274,25,44,27,8,8
313,25,44,20,10,8
330,25,44,19,7,9
351,25,44,21,11,6
366,25,44,17,9,8
380,25,44,16,10,9
401,25,44,22,9,8
458,25,44,13,10,10
496,25,44,26,12,5
515,25,44,22,11,10
41,25,44,13,8,6
52,25,44,15,11,10
68,25,44,18,7,5
106,25,44,22,10,5
124,25,44,22,12,6
145,25,44,20,10,7
151,25,44,19,11,8
183,25,44,28,8,7
196,25,44,21,10,6
215,25,44,23,9,5
245,25,44,13,6,9
283,25,44,25,6,10
299,25,44,20,12,8
417,25,44,23,6,7
438,25,44,16,12,5
461,25,44,24,10,7
482,25,44,16,8,10
506,25,44,17,6,10
521,25,44,14,11,6
9,25,120,25,8,6
31,25,120,28,6,6
83,25,120,17,9,10
91,25,120,21,12,7
160,25,120,16,10,10
263,25,120,26,7,6
274,25,120,22,7,8
313,25,120,19,6,7
330,25,120,25,9,9
351,25,120,28,7,6
366,25,120,24,10,5
380,25,120,26,9,5
401,25,120,24,12,5
458,25,120,20,6,5
496,25,120,29,7,6
515,25,120,12,9,9
41,25,120,28,7,8
52,25,120,15,7,8
68,25,120,26,9,10
106,25,120,26,10,5
124,25,120,21,7,8
145,25,120,20,12,10
151,25,120,29,11,10
183,25,120,25,10,8
196,25,120,30,12,10
215,25,120,20,12,7
245,25,120,27,8,8
283,25,120,30,8,9
299,25,120,16,6,8
417,25,120,28,6,6
438,25,120,23,12,9
461,25,120,25,8,9
482,25,120,17,10,6
506,25,120,18,9,9
521,25,120,28,12,10
6,26,97,24,11,8
22,26,97,14,12,8
34,26,97,22,12,5
103,26,97,18,10,9
119,26,97,18,7,7
139,26,97,24,10,8
167,26,97,16,6,10
183,26,97,25,10,7
197,26,97,20,10,8
224,26,97,16,8,5
250,26,97,20,8,10
307,26,97,15,8,5
363,26,97,20,6,5
376,26,97,19,10,6
407,26,97,19,7,6
420,26,97,25,11,8
427,26,97,26,7,6
440,26,97,21,10,10
452,26,97,30,11,9
465,26,97,27,10,7
56,26,97,25,11,8
64,26,97,14,6,7
78,26,97,18,7,8
95,26,97,30,12,5
128,26,97,24,8,6
159,26,97,25,11,6
264,26,97,16,11,10
272,26,97,23,11,10
293,26,97,23,12,9
329,26,97,19,11,5
342,26,97,19,7,10
393,26,97,13,8,5
480,26,97,12,6,7
493,26,97,28,12,5
505,26,97,24,11,9
6,26,98,27,12,10
22,26,98,15,7,6
34,26,98,17,10,8
103,26,98,27,12,8
119,26,98,27,6,7
139,26,98,20,9,6
167,26,98,23,7,5
183,26,98,21,6,6
197,26,98,13,6,10
224,26,98,13,6,8
250,26,98,18,9,9
307,26,98,27,7,9
363,26,98,23,6,9
376,26,98,18,7,6
407,26,98,29,9,5
420,26,98,26,11,9
427,26,98,13,7,9
440,26,98,26,7,6
452,26,98,22,12,8
465,26,98,16,11,7
56,26,98,12,7,6
64,26,98,24,9,10
78,26,98,23,7,8
95,26,98,21,7,5
128,26,98,21,10,10
159,26,98,18,10,8
264,26,98,15,7,10
272,26,98,16,8,7
293,26,98,22,7,8
329,26,98,19,11,9
342,26,98,23,8,9
393,26,98,18,9,5
480,26,98,30,6,7
493,26,98,17,12,8
505,26,98,14,7,5
6,26,99,24,6,6
22,26,99,25,8,6
34,26,99,18,12,7
103,26,99,18,7,7
119,26,99,28,11,9
139,26,99,27,7,8
167,26,99,28,12,5
183,26,99,16,7,8
197,26,99,22,6,6
224,26,99,27,10,7
250,26,99,28,7,5
307,26,99,24,9,9
363,26,99,20,10,9
376,26,99,25,9,6
407,26,99,24,10,10
420,26,99,13,10,8
427,26,99,18,7,9
440,26,99,12,6,8
452,26,99,12,11,10
465,26,99,22,9,5
56,26,99,19,10,9
64,26,99,25,7,7
78,26,99,21,11,10
95,26,99,20,7,8
128,26,99,28,7,5
159,26,99,30,10,5
264,26,99,17,8,5
272,26,99,23,7,10
293,26,99,27,12,9
329,26,99,26,7,8
342,26,99,26,9,7
393,26,99,27,6,6
480,26,99,16,6,6
493,26,99,20,11,10
505,26,99,25,11,10
6,26,100,14,12,10
22,26,100,22,6,9
34,26,100,21,12,7
103,26,100,12,10,6
119,26,100,29,7,9
139,26,100,22,9,5
167,26,100,18,8,5
183,26,100,23,10,7
197,26,100,12,9,10
224,26,100,24,6,8
250,26,100,17,10,5
307,26,100,12,7,7
363,26,100,12,10,6
376,26,100,27,11,9
407,26,100,21,9,6
420,26,100,26,12,5
427,26,100,14,7,9
440,26,100,21,8,5
452,26,100,15,6,7
465,26,100,26,10,7
56,26,100,17,11,10
64,26,100,18,8,7
78,26,100,17,9,5
95,26,100,22,10,5
128,26,100,25,9,8
159,26,100,14,10,9
264,26,100,24,8,5
272,26,100,12,6,6
293,26,100,13,6,9
329,26,100,24,6,9
342,26,100,20,6,10
393,26,100,24,9,9
480,26,100,19,7,10
493,26,100,29,8,7
505,26,100,17,11,7
6,26,150,13,7,10
22,26,150,22,12,8
34,26,150,25,12,7
103,26,150,24,6,8
119,26,150,15,12,8
139,26,150,22,12,6
167,26,150,29,12,9
183,26,150,13,8,9
197,26,150,22,9,9
224,26,150,22,11,8
250,26,150,20,9,10
307,26,150,13,12,8
363,26,150,20,8,5
376,26,150,26,9,9
407,26,150,29,10,5
420,26,150,28,10,10
427,26,150,26,12,7
440,26,150,12,6,8
452,26,150,29,6,7
465,26,150,15,6,10
56,26,150,17,7,6
64,26,150,28,10,8
78,26,150,24,9,5
95,26,150,29,7,5
128,26,150,17,8,7
159,26,150,22,8,10
264,26,150,25,7,6
272,26,150,17,10,8
293,26,150,20,7,8
329,26,150,24,6,9
342,26,150,29,6,10
393,26,150,17,8,7
480,26,150,23,9,9
493,26,150,28,12,5
505,26,150,22,12,8
29,27,76,28,7,8
49,27,76,12,10,9
147,27,76,27,8,10
171,27,76,15,6,5
189,27,76,26,12,10
209,27,76,19,12,7
230,27,76,29,7,6
242,27,76,19,10,6
266,27,76,13,9,8
278,27,76,18,7,10
283,27,76,19,12,7
296,27,76,12,9,9
355,27,76,14,12,6
371,27,76,27,8,8
386,27,76,12,12,6
480,27,76,18,12,5
492,27,76,22,9,5
1,27,76,27,7,6
26,27,76,30,10,10
76,27,76,15,11,9
94,27,76,16,11,7
113,27,76,20,11,9
131,27,76,28,10,7
156,27,76,18,12,5
200,27,76,12,11,6
256,27,76,16,11,7
307,27,76,20,10,6
322,27,76,15,11,9
339,27,76,25,11,5
399,27,76,12,6,9
416,27,76,20,12,8
423,27,76,23,10,9
439,27,76,24,10,9
455,27,76,23,9,7
469,27,76,23,8,7
29,27,77,24,9,7
49,27,77,19,6,10
147,27,77,25,12,6
171,27,77,16,6,6
189,27,77,21,10,9
209,27,77,30,12,10
230,27,77,29,9,6
242,27,77,17,7,8
266,27,77,30,9,10
278,27,77,16,11,6
283,27,77,14,6,8
296,27,77,25,12,5
355,27,77,29,8,10
371,27,77,28,10,6
386,27,77,30,6,5
480,27,77,30,6,10
492,27,77,23,9,6
1,27,77,19,12,10
26,27,77,23,11,9
76,27,77,24,9,7
94,27,77,13,8,9
113,27,77,24,12,6
131,27,77,28,11,6
156,27,77,28,7,6
200,27,77,22,10,5
256,27,77,23,7,10
307,27,77,12,11,8
322,27,77,26,12,6
339,27,77,25,8,9
399,27,77,24,9,9
416,27,77,30,7,7
423,27,77,12,12,6
439,27,77,29,6,9
455,27,77,29,9,10
469,27,77,15,9,6
29,27,78,28,12,6
49,27,78,14,7,8
147,27,78,25,9,9
171,27,78,12,8,7
189,27,78,29,8,5
209,27,78,13,8,5
230,27,78,16,7,9
242,27,78,17,10,8
266,27,78,23,6,5
278,27,78,27,10,9
283,27,78,25,10,7
296,27,78,18,7,10
355,27,78,21,8,6
371,27,78,27,7,8
386,27,78,14,6,6
480,27,78,21,7,9
492,27,78,23,8,8
1,27,78,27,9,7
26,27,78,15,12,5
76,27,78,19,8,6
94,27,78,24,8,10
113,27,78,24,10,7
131,27,78,13,10,7
156,27,78,13,10,8
200,27,78,24,12,7
256,27,78,16,6,6
307,27,78,30,10,6
322,27,78,29,11,5
339,27,78,16,10,5
399,27,78,12,12,5
416,27,78,29,11,6
423,27,78,16,8,7
439,27,78,21,10,10
455,27,78,28,10,6
469,27,78,29,7,10
29,27,79,22,8,9
49,27,79,19,9,5
147,27,79,25,9,9
171,27,79,20,6,5
189,27,79,25,7,8
209,27,79,29,8,9
230,27,79,23,12,5
242,27,79,27,9,5
266,27,79,24,9,7
278,27,79,30,7,6
283,27,79,22,8,6
296,27,79,13,7,5
355,27,79,26,12,7
371,27,79,26,7,6
386,27,79,14,6,9
480,27,79,16,7,7
492,27,79,28,10,6
1,27,79,20,10,7
26,27,79,22,10,9
76,27,79,25,6,8
94,27,79,13,7,5
113,27,79,24,8,6
131,27,79,16,9,8
156,27,79,18,7,5
200,27,79,27,9,5
256,27,79,13,12,5
307,27,79,25,9,10
322,27,79,13,10,8
339,27,79,27,10,6
399,27,79,17,7,10
416,27,79,14,7,9
423,27,79,26,11,7
439,27,79,13,12,10
455,27,79,16,7,6
469,27,79,24,6,6
29,27,144,18,12,10
49,27,144,25,11,6
147,27,144,18,7,6
171,27,144,19,8,9
189,27,144,26,7,6
209,27,144,23,11,9
230,27,144,26,8,5
242,27,144,14,6,10
266,27,144,23,12,8
278,27,144,17,10,10
283,27,144,17,12,10
296,27,144,24,8,7
355,27,144,16,11,6
371,27,144,26,6,7
386,27,144,15,7,8
480,27,144,15,6,6
492,27,144,27,9,10
1,27,144,21,8,10
26,27,144,22,8,9
76,27,144,27,9,8
94,27,144,22,11,10
113,27,144,25,12,7
131,27,144,15,6,9
156,27,144,16,6,10
200,27,144,29,7,7
256,27,144,23,9,8
307,27,144,27,9,9
322,27,144,17,8,10
339,27,144,23,7,6
399,27,144,28,7,8
416,27,144,21,10,9
423,27,144,24,8,10
439,27,144,18,12,9
455,27,144,15,8,10
469,27,144,21,12,5
28,28,32,29,6,9
44,28,32,30,9,10
57,28,32,23,12,9
72,28,32,27,11,5
101,28,32,28,10,5
133,28,32,26,7,10
188,28,32,18,8,5
221,28,32,18,12,8
260,28,32,14,7,6
282,28,32,27,6,8
310,28,32,12,11,5
391,28,32,17,8,5
404,28,32,15,9,5
444,28,32,29,6,10
475,28,32,28,12,6
514,28,32,13,10,5
525,28,32,17,7,9
3,28,32,12,10,8
14,28,32,28,6,8
89,28,32,19,6,9
110,28,32,17,6,9
150,28,32,24,6,8
161,28,32,27,12,5
171,28,32,30,6,8
239,28,32,16,7,9
250,28,32,17,10,9
345,28,32,15,8,7
359,28,32,16,12,6
368,28,32,23,11,7
382,28,32,28,12,7
421,28,32,16,8,5
431,28,32,12,10,10
458,28,32,25,10,10
504,28,32,20,11,10
520,28,32,16,10,6
28,28,33,28,8,9
44,28,33,19,9,7
57,28,33,24,7,7
72,28,33,17,12,10
101,28,33,25,8,7
133,28,33,15,11,9
188,28,33,14,9,5
221,28,33,29,8,10
260,28,33,21,10,10
282,28,33,30,8,9
310,28,33,23,11,7
391,28,33,14,8,9
404,28,33,21,6,5
444,28,33,13,6,8
475,28,33,20,11,9
514,28,33,23,8,10
525,28,33,19,6,6
3,28,33,19,6,5
14,28,33,26,8,10
89,28,33,16,12,5
110,28,33,29,10,10
150,28,33,24,8,5
161,28,33,27,7,8
171,28,33,13,8,5
239,28,33,12,7,6
250,28,33,19,8,7
345,28,33,15,7,6
359,28,33,17,12,5
368,28,33,28,11,5
382,28,33,17,11,9
421,28,33,13,7,10
431,28,33,26,7,9
458,28,33,18,6,6
504,28,33,28,8,5
520,28,33,23,7,10
28,28,34,29,12,7
44,28,34,25,8,6
57,28,34,26,11,7
72,28,34,23,11,7
101,28,34,20,12,6
133,28,34,25,7,9
188,28,34,25,6,7
221,28,34,29,8,7
260,28,34,27,10,10
282,28,34,22,7,5
310,28,34,29,7,8
391,28,34,17,12,7
404,28,34,17,11,5
444,28,34,14,7,10
475,28,34,28,6,7
514,28,34,30,10,5
525,28,34,19,12,7
3,28,34,24,6,10
14,28,34,22,12,10
89,28,34,15,10,7
110,28,34,23,6,7
150,28,34,24,8,10
161,28,34,15,11,10
171,28,34,27,9,10
239,28,34,28,10,8
250,28,34,14,7,10
345,28,34,15,7,10
359,28,34,30,11,6
368,28,34,14,11,10
382,28,34,17,10,8
421,28,34,24,8,6
431,28,34,13,10,5
458,28,34,24,8,10
504,28,34,12,9,6
520,28,34,30,10,7
28,28,35,13,7,8
44,28,35,12,10,10
57,28,35,20,10,6
72,28,35,27,7,7
101,28,35,22,11,7
133,28,35,22,11,6
188,28,35,21,6,10
221,28,35,19,11,8
260,28,35,14,11,7
282,28,35,17,6,10
310,28,35,12,11,9
391,28,35,25,10,10
404,28,35,22,7,8
444,28,35,15,7,5
475,28,35,14,6,5
514,28,35,27,11,8
525,28,35,28,12,5
3,28,35,17,7,7
14,28,35,30,12,6
89,28,35,20,7,10
110,28,35,22,10,10
150,28,35,21,11,6
161,28,35,12,6,6
171,28,35,14,11,5
239,28,35,14,12,10
250,28,35,16,12,6
345,28,35,22,8,5
359,28,35,20,7,9
368,28,35,29,6,5
382,28,35,17,7,5
421,28,35,16,11,5
431,28,35,15,7,10
458,28,35,27,6,10
504,28,35,25,10,10
520,28,35,14,11,5
28,28,36,21,8,10
44,28,36,15,6,7
57,28,36,29,7,9
72,28,36,13,11,7
101,28,36,29,8,9
133,28,36,22,12,10
188,28,36,23,8,9
221,28,36,18,6,10
260,28,36,29,6,5
282,28,36,29,6,9
310,28,36,22,7,8
391,28,36,30,8,7
404,28,36,19,9,7
444,28,36,18,12,8
475,28,36,26,11,9
514,28,36,18,12,8
525,28,36,22,6,5
3,28,36,17,6,10
14,28,36,19,6,5
89,28,36,27,10,7
110,28,36,25,8,10
150,28,36,27,10,7
161,28,36,20,8,9
171,28,36,28,12,5
239,28,36,19,6,5
250,28,36,30,11,8
345,28,36,25,8,9
359,28,36,24,6,5
368,28,36,23,7,8
382,28,36,29,12,9
421,28,36,24,7,9
431,28,36,26,12,10
458,28,36,16,11,7
504,28,36,12,10,7
520,28,36,19,7,9
25,29,126,30,9,9
30,29,126,15,10,9
48,29,126,16,6,7
65,29,126,25,8,7
82,29,126,24,9,9
102,29,126,27,11,10
117,29,126,22,12,6
155,29,126,19,12,8
185,29,126,12,10,10
222,29,126,20,9,5
237,29,126,25,11,5
249,29,126,20,7,6
279,29,126,24,7,5
293,29,126,20,8,9
311,29,126,27,10,9
399,29,126,13,8,7
415,29,126,26,9,10
419,29,126,25,12,6
431,29,126,20,6,6
491,29,126,14,7,7
513,29,126,22,9,8
7,29,126,29,8,8
93,29,126,12,12,10
134,29,126,24,9,7
139,29,126,25,8,10
214,29,126,14,10,9
266,29,126,16,9,5
330,29,126,23,9,5
354,29,126,18,12,9
361,29,126,19,9,9
374,29,126,16,9,9
386,29,126,14,12,6
447,29,126,25,10,7
474,29,126,12,11,7
503,29,126,22,10,5
25,29,127,12,11,5
30,29,127,15,10,7
48,29,127,12,6,7
65,29,127,30,6,9
82,29,127,14,6,10
102,29,127,30,11,7
117,29,127,22,8,5
155,29,127,30,12,8
185,29,127,12,10,6
222,29,127,15,12,9
237,29,127,20,6,10
249,29,127,14,8,7
279,29,127,23,8,8
293,29,127,21,9,9
311,29,127,16,12,8
399,29,127,12,6,8
415,29,127,13,10,5
419,29,127,27,6,10
431,29,127,30,6,8
491,29,127,27,7,10
513,29,127,19,11,9
7,29,127,15,12,9
93,29,127,17,6,6
134,29,127,16,6,7
139,29,127,23,10,5
214,29,127,30,8,7
266,29,127,28,9,8
330,29,127,17,7,7
354,29,127,12,6,7
361,29,127,17,6,10
374,29,127,13,12,10
386,29,127,24,8,7
447,29,127,18,8,9
474,29,127,16,12,7
503,29,127,17,10,10
25,29,128,25,8,5
30,29,128,24,6,6
48,29,128,17,10,7
65,29,128,16,7,7
82,29,128,21,8,6
102,29,128,20,6,10
117,29,128,21,12,8
155,29,128,22,8,8
185,29,128,22,6,5
222,29,128,12,7,9
237,29,128,26,8,6
249,29,128,27,8,9
279,29,128,14,6,5
293,29,128,27,7,8
311,29,128,25,9,8
399,29,128,25,10,5
415,29,128,30,8,7
419,29,128,16,10,8
431,29,128,16,8,7
491,29,128,28,10,10
513,29,128,24,12,5
7,29,128,19,12,7
93,29,128,30,10,10
134,29,128,23,7,6
139,29,128,22,7,6
214,29,128,22,11,10
266,29,128,29,7,8
330,29,128,20,8,10
354,29,128,19,9,9
361,29,128,28,10,9
374,29,128,21,9,7
386,29,128,23,12,5
447,29,128,28,8,10
474,29,128,18,6,8
503,29,128,20,11,10
25,29,129,13,7,6
30,29,129,12,9,9
48,29,129,12,8,5
65,29,129,27,8,6
82,29,129,16,12,7
102,29,129,18,11,10
117,29,129,18,7,5
155,29,129,20,12,8
185,29,129,22,12,6
222,29,129,14,12,8
237,29,129,12,12,7
249,29,129,17,8,5
279,29,129,30,11,8
293,29,129,26,9,10
311,29,129,17,7,6
399,29,129,29,10,10
415,29,129,14,9,9
419,29,129,25,6,8
431,29,129,28,9,6
491,29,129,30,7,10
513,29,129,27,11,9
7,29,129,30,7,6
93,29,129,17,6,7
134,29,129,14,7,8
139,29,129,23,10,9
214,29,129,19,9,5
266,29,129,21,6,8
330,29,129,27,11,8
354,29,129,16,10,7
361,29,129,22,6,6
374,29,129,15,12,7
386,29,129,29,10,10
447,29,129,23,8,10
474,29,129,25,8,7
503,29,129,20,8,8
25,29,130,14,12,7
30,29,130,21,6,7
48,29,130,18,10,8
65,29,130,13,7,6
82,29,130,15,6,6
102,29,130,12,11,9
117,29,130,21,7,5
155,29,130,22,11,5
185,29,130,18,11,5
222,29,130,19,7,10
237,29,130,21,6,6
249,29,130,24,8,5
279,29,130,17,6,6
293,29,130,16,12,9
311,29,130,14,12,6
399,29,130,30,6,8
415,29,130,28,9,6
419,29,130,28,9,9
431,29,130,15,9,8
491,29,130,19,6,8
513,29,130,28,9,10
7,29,130,29,11,8
93,29,130,20,10,9
134,29,130,27,11,10
139,29,130,16,7,5
214,29,130,29,6,9
266,29,130,22,9,9
330,29,130,25,7,10
354,29,130,28,6,6
361,29,130,21,9,8
374,29,130,28,10,9
386,29,130,29,7,8
447,29,130,20,10,10
474,29,130,21,11,5
503,29,130,18,8,5
12,30,45,21,11,10
32,30,45,28,9,9
47,30,45,13,10,8
78,30,45,20,9,8
100,30,45,28,9,10
116,30,45,26,8,10
130,30,45,24,8,7
152,30,45,15,12,7
178,30,45,13,7,5
193,30,45,24,8,6
292,30,45,13,11,6
305,30,45,14,7,9
324,30,45,19,8,8
337,30,45,19,8,6
353,30,45,17,9,10
398,30,45,28,10,10
423,30,45,30,8,10
479,30,45,15,7,6
488,30,45,22,7,9
500,30,45,27,11,8
502,30,45,21,7,7
61,30,45,14,12,7
86,30,45,22,8,9
163,30,45,21,6,5
211,30,45,24,11,9
224,30,45,17,11,9
237,30,45,23,8,9
252,30,45,30,12,8
261,30,45,23,11,9
316,30,45,18,11,9
366,30,45,17,7,5
385,30,45,17,6,5
412,30,45,16,10,10
435,30,45,27,10,7
449,30,45,22,7,7
12,30,46,23,9,6
32,30,46,23,9,9
47,30,46,25,12,7
78,30,46,23,7,8
100,30,46,27,9,6
116,30,46,27,10,9
130,30,46,25,12,8
152,30,46,12,6,5
178,30,46,19,11,8
193,30,46,25,7,8
292,30,46,28,11,5
305,30,46,15,11,7
324,30,46,18,10,6
337,30,46,20,10,5
353,30,46,16,6,9
398,30,46,18,11,5
423,30,46,17,9,10
479,30,46,12,6,6
488,30,46,13,11,10
500,30,46,30,9,10
502,30,46,24,6,5
61,30,46,19,12,10
86,30,46,14,12,8
163,30,46,28,9,9
211,30,46,15,10,5
224,30,46,30,10,6
237,30,46,21,8,10
252,30,46,29,6,6
261,30,46,26,11,7
316,30,46,24,6,5
366,30,46,29,12,8
385,30,46,24,10,5
412,30,46,24,11,8
435,30,46,21,7,6
449,30,46,27,6,7
12,30,131,14,7,10
32,30,131,20,12,9
47,30,131,17,9,10
78,30,131,15,11,10
100,30,131,17,9,8
116,30,131,25,6,7
130,30,131,13,12,9
152,30,131,28,10,6
178,30,131,12,8,7
193,30,131,16,8,8
292,30,131,22,12,6
305,30,131,18,9,10
324,30,131,30,8,6
337,30,131,28,8,6
353,30,131,22,9,7
398,30,131,17,12,8
423,30,131,28,11,5
479,30,131,30,10,8
488,30,131,19,12,8
500,30,131,17,7,7
502,30,131,23,6,8
61,30,131,14,7,10
86,30,131,17,11,6
163,30,131,19,9,6
211,30,131,18,6,5
224,30,131,26,8,9
237,30,131,30,11,7
252,30,131,23,9,5
261,30,131,15,6,10
316,30,131,28,12,10
366,30,131,19,12,8
385,30,131,12,6,6
412,30,131,18,8,6
435,30,131,29,10,5
449,30,131,19,6,8
12,30,143,25,12,10
32,30,143,14,12,9
47,30,143,28,9,10
78,30,143,15,8,6
100,30,143,22,6,7
116,30,143,19,8,8
130,30,143,20,10,6
152,30,143,30,10,5
178,30,143,19,10,7
193,30,143,22,7,8
292,30,143,20,11,10
305,30,143,14,6,6
324,30,143,16,12,8
337,30,143,29,10,9
353,30,143,26,7,5
398,30,143,20,9,10
423,30,143,21,10,5
479,30,143,22,12,7
488,30,143,17,11,8
500,30,143,17,7,8
502,30,143,30,8,8
61,30,143,16,12,9
86,30,143,30,9,6
163,30,143,19,7,5
211,30,143,21,7,10
224,30,143,23,7,5
237,30,143,22,11,6
252,30,143,21,7,9
261,30,143,26,12,8
316,30,143,14,9,5
366,30,143,26,12,10
385,30,143,25,10,8
412,30,143,22,11,10
435,30,143,25,7,7
449,30,143,18,12,10
12,30,147,12,11,6
32,30,147,14,6,5
47,30,147,15,9,9
78,30,147,26,9,8
100,30,147,20,8,5
116,30,147,23,6,9
130,30,147,16,10,8
152,30,147,23,7,6
178,30,147,19,6,5
193,30,147,25,6,8
292,30,147,15,10,7
305,30,147,18,9,9
324,30,147,19,11,10
337,30,147,18,6,5
353,30,147,22,6,10
398,30,147,17,10,5
423,30,147,18,7,9
479,30,147,18,8,7
488,30,147,23,12,8
500,30,147,30,9,5
502,30,147,23,8,5
61,30,147,12,7,5
86,30,147,17,7,9
163,30,147,17,9,8
211,30,147,14,8,10
224,30,147,22,7,6
237,30,147,22,9,9
252,30,147,24,10,7
261,30,147,18,10,6
316,30,147,21,6,5
366,30,147,23,6,5
385,30,147,16,8,9
412,30,147,27,11,8
435,30,147,30,4,11
449,30,147,32,5,6
